time,x,y,z,vx,vy,vz,ax,ay,az,jx,jy,jz,sx,sy,sz
0.000000,-2.375441,-2.598522,1.359447,0.008927,-0.016323,0.021652,-0.085898,0.329896,-0.049952,-0.913841,-8.813296,0.077129,147.940258,204.385733,35.159987
0.010000,-2.375356,-2.598670,1.359661,0.008046,-0.013432,0.021162,-0.087937,0.251528,-0.047480,0.476666,-6.904778,0.411502,130.391654,177.723543,31.733850
0.020000,-2.375280,-2.598793,1.359871,0.007211,-0.011233,0.020713,-0.076926,0.190952,-0.041834,1.698505,-5.250898,0.712191,114.196720,153.439421,28.423098
0.030000,-2.375212,-2.598896,1.360076,0.006545,-0.009562,0.020335,-0.054485,0.145739,-0.033345,2.764915,-3.828434,0.980349,99.296004,131.421887,25.227679
0.040000,-2.375148,-2.598985,1.360278,0.006155,-0.008275,0.020054,-0.022104,0.113686,-0.022331,3.688541,-2.615277,1.217129,85.630055,111.559461,22.147541
0.050000,-2.375087,-2.599063,1.360477,0.006132,-0.007251,0.019896,0.018850,0.092806,-0.009103,4.481433,-1.590433,1.423684,73.139418,93.740661,19.182633
0.060000,-2.375024,-2.599131,1.360676,0.006556,-0.006387,0.019879,0.067127,0.081316,0.006045,5.155049,-0.734023,1.601165,61.764643,77.854009,16.332902
0.070000,-2.374954,-2.599191,1.360875,0.007495,-0.005598,0.020022,0.121590,0.077626,0.022828,5.720248,-0.027284,1.750725,51.446278,63.788022,13.598297
0.080000,-2.374872,-2.599243,1.361077,0.009005,-0.004813,0.020340,0.181205,0.080330,0.040971,6.187297,0.547435,1.873515,42.124869,51.431221,10.978767
0.090000,-2.374772,-2.599287,1.361283,0.011133,-0.003975,0.020845,0.245041,0.088190,0.060212,6.565870,1.006666,1.970684,33.740964,40.672125,8.474260
0.100000,-2.374648,-2.599322,1.361495,0.013917,-0.003036,0.021547,0.312258,0.100130,0.080303,6.865043,1.365831,2.043383,26.235113,31.399254,6.084725
0.110000,-2.374492,-2.599347,1.361714,0.017387,-0.001962,0.022453,0.382105,0.115221,0.101002,7.093301,1.639234,2.092762,19.547861,23.501127,3.810108
0.120000,-2.374298,-2.599361,1.361944,0.021566,-0.000724,0.023568,0.453914,0.132673,0.122084,7.258531,1.840065,2.119968,13.619758,16.866264,1.650360
0.130000,-2.374058,-2.599361,1.362187,0.026470,0.000697,0.024895,0.527090,0.151821,0.143332,7.368028,1.980398,2.126152,8.391350,11.383184,-0.394572
0.140000,-2.373766,-2.599346,1.362443,0.032111,0.002316,0.026435,0.601111,0.172116,0.164541,7.428492,2.071196,2.112459,3.803186,6.940406,-2.324739
0.150000,-2.373413,-2.599314,1.362716,0.038494,0.004142,0.028185,0.675517,0.193113,0.185518,7.446028,2.122303,2.080039,-0.204187,3.426451,-4.140193
0.160000,-2.372993,-2.599263,1.363007,0.045621,0.006180,0.030144,0.749907,0.214459,0.206083,7.426146,2.142449,2.030038,-3.690221,0.729838,-5.840985
0.170000,-2.372498,-2.599190,1.363320,0.053490,0.008432,0.032305,0.823932,0.235884,0.226064,7.373763,2.139252,1.963602,-6.714368,-1.260915,-7.427168
0.180000,-2.371921,-2.599093,1.363654,0.062097,0.010897,0.034663,0.897288,0.257188,0.245304,7.293200,2.119212,1.881876,-9.336081,-2.657286,-8.898793
0.190000,-2.371254,-2.598971,1.364013,0.071433,0.013574,0.037208,0.969714,0.278230,0.263655,7.188185,2.087716,1.786007,-11.614811,-3.570757,-10.255911
0.200000,-2.370490,-2.598821,1.364399,0.081488,0.016461,0.039932,1.040981,0.298918,0.280981,7.061849,2.049035,1.677140,-13.610010,-4.112809,-11.498575
0.210000,-2.369622,-2.598641,1.364813,0.092244,0.019544,0.042824,1.111036,0.319467,0.297159,6.930267,2.031152,1.556516,-15.722995,-5.021968,-12.629329
0.220000,-2.368643,-2.598430,1.365256,0.103698,0.022840,0.045871,1.179519,0.339515,0.312075,6.763339,1.977340,1.425047,-17.629494,-5.705887,-13.645427
0.230000,-2.367546,-2.598184,1.365730,0.115829,0.026333,0.049061,1.246242,0.358994,0.325628,6.578306,1.917670,1.283990,-19.347097,-6.199265,-14.546614
0.240000,-2.366324,-2.597902,1.366238,0.128617,0.030017,0.052379,1.311031,0.377855,0.337727,6.376968,1.853874,1.134498,-20.893397,-6.536802,-15.332636
0.250000,-2.364971,-2.597583,1.366778,0.142042,0.033888,0.055810,1.373732,0.396063,0.348294,6.160951,1.787338,0.977722,-22.285985,-6.753196,-16.003240
0.260000,-2.363481,-2.597224,1.367354,0.156083,0.037934,0.059340,1.434243,0.413680,0.357255,5.935059,1.726900,0.814287,-23.627217,-7.080205,-16.544738
0.270000,-2.361848,-2.596824,1.367966,0.170718,0.042156,0.062950,1.492391,0.430591,0.364563,5.692620,1.654784,0.646609,-24.839541,-7.331339,-16.971956
0.280000,-2.360065,-2.596380,1.368613,0.185923,0.046544,0.066625,1.548057,0.446769,0.370175,5.438673,1.580491,0.475224,-25.930167,-7.517170,-17.286283
0.290000,-2.358127,-2.595892,1.369298,0.201671,0.051089,0.070348,1.601130,0.462196,0.374059,5.174399,1.504623,0.301255,-26.906309,-7.648267,-17.489111
0.300000,-2.356030,-2.595358,1.370020,0.217936,0.055785,0.074101,1.651514,0.476858,0.376195,4.900905,1.427673,0.125809,-27.775178,-7.735200,-17.581830
0.310000,-2.353767,-2.594776,1.370780,0.234691,0.060623,0.077866,1.699131,0.490772,0.376566,4.620198,1.352393,-0.050806,-28.568480,-7.848200,-17.545965
0.320000,-2.351334,-2.594145,1.371578,0.251909,0.065597,0.081626,1.743893,0.503902,0.375182,4.330948,1.273474,-0.225648,-29.265935,-7.930869,-17.405207
0.330000,-2.348727,-2.593464,1.372413,0.269560,0.070698,0.085364,1.785729,0.516240,0.372059,4.035185,1.193866,-0.398573,-29.871753,-7.986472,-17.163379
0.340000,-2.345942,-2.592731,1.373285,0.287614,0.075919,0.089062,1.824578,0.527778,0.367220,3.733805,1.113823,-0.568591,-30.390148,-8.018273,-16.824305
0.350000,-2.342974,-2.591945,1.374194,0.306041,0.081251,0.092703,1.860389,0.538515,0.360700,3.427660,1.033569,-0.734748,-30.825332,-8.029535,-16.391809
0.360000,-2.339820,-2.591105,1.375139,0.324811,0.086686,0.096271,1.893123,0.548457,0.352534,3.118041,0.954001,-0.896835,-31.193643,-8.041469,-15.851882
0.370000,-2.336477,-2.590211,1.376119,0.343893,0.092217,0.099748,1.922739,0.557595,0.342783,2.804582,0.873594,-1.052303,-31.485683,-8.037195,-15.228363
0.380000,-2.332941,-2.589261,1.377133,0.363255,0.097836,0.103121,1.949206,0.565930,0.331510,2.488573,0.793307,-1.201143,-31.704181,-8.017781,-14.527262
0.390000,-2.329211,-2.588254,1.378181,0.382866,0.103533,0.106374,1.972504,0.573462,0.318785,2.170735,0.713286,-1.342610,-31.851865,-7.984295,-13.754585
0.400000,-2.325283,-2.587190,1.379260,0.402695,0.109302,0.109492,1.992617,0.580197,0.304684,1.851762,0.633665,-1.476016,-31.931463,-7.937802,-12.916339
0.410000,-2.321156,-2.586068,1.380370,0.422708,0.115135,0.112463,2.009541,0.586140,0.289289,1.532611,0.554788,-1.601155,-31.952967,-7.884900,-12.007990
0.420000,-2.316828,-2.584887,1.381509,0.442875,0.121022,0.115274,2.023270,0.591294,0.272693,1.213239,0.476252,-1.716473,-31.910950,-7.820449,-11.047378
0.430000,-2.312298,-2.583647,1.382675,0.463163,0.126958,0.117913,2.033808,0.595667,0.254992,0.894597,0.398417,-1.821953,-31.807253,-7.744838,-10.041803
0.440000,-2.307565,-2.582348,1.383867,0.483540,0.132933,0.120371,2.041166,0.599265,0.236288,0.577294,0.321391,-1.917183,-31.643713,-7.658457,-8.998564
0.450000,-2.302627,-2.580988,1.385082,0.503976,0.138941,0.122636,2.045360,0.602098,0.216684,0.261917,0.245282,-2.001823,-31.422168,-7.561694,-7.924959
0.460000,-2.297485,-2.579569,1.386319,0.524437,0.144973,0.124702,2.046414,0.604175,0.196287,-0.050869,0.170248,-2.075652,-31.146815,-7.456397,-6.827112
0.470000,-2.292139,-2.578089,1.387575,0.544894,0.151022,0.126560,2.044353,0.605507,0.175207,-0.360732,0.096252,-2.138366,-30.816845,-7.341320,-5.713640
0.480000,-2.286587,-2.576548,1.388849,0.565314,0.157080,0.128204,2.039211,0.606104,0.153557,-0.667029,0.023454,-2.189898,-30.433809,-7.216674,-4.591987
0.490000,-2.280832,-2.574947,1.390139,0.585668,0.163141,0.129629,2.031026,0.605980,0.131447,-0.969237,-0.048050,-2.230203,-29.999256,-7.082671,-3.469594
0.500000,-2.274874,-2.573285,1.391441,0.605924,0.169197,0.130832,2.019842,0.605148,0.108990,-1.266848,-0.118169,-2.259312,-29.514738,-6.939522,-2.353905
0.510000,-2.268714,-2.571563,1.392754,0.626055,0.175242,0.131808,2.005705,0.603621,0.086301,-1.559439,-0.186818,-2.277016,-28.980075,-6.787269,-1.260234
0.520000,-2.262354,-2.569781,1.394076,0.646029,0.181268,0.132557,1.988672,0.601417,0.063486,-1.846371,-0.253893,-2.284234,-28.398756,-6.626313,-0.187189
0.530000,-2.255794,-2.567938,1.395405,0.665819,0.187268,0.133078,1.968798,0.598549,0.040652,-2.127264,-0.319316,-2.280851,-27.772545,-6.456886,0.858754
0.540000,-2.249038,-2.566035,1.396737,0.685396,0.193236,0.133371,1.946148,0.595036,0.017903,-2.401678,-0.383003,-2.267171,-27.103202,-6.279221,1.871116
0.550000,-2.242087,-2.564073,1.398072,0.704732,0.199167,0.133437,1.920788,0.590895,-0.004659,-2.669190,-0.444874,-2.243562,-26.392489,-6.093549,2.843419
0.560000,-2.234944,-2.562052,1.399405,0.723803,0.205052,0.133278,1.892787,0.586145,-0.026930,-2.929528,-0.504877,-2.209863,-25.638836,-5.899386,3.754164
0.570000,-2.227612,-2.559972,1.400736,0.742580,0.210888,0.132899,1.862223,0.580804,-0.048826,-3.181991,-0.562868,-2.167979,-24.847743,-5.697769,4.613732
0.580000,-2.220094,-2.557835,1.402063,0.761039,0.216667,0.132303,1.829174,0.574894,-0.070262,-3.426365,-0.618808,-2.117774,-24.021382,-5.489016,5.417483
0.590000,-2.212393,-2.555639,1.403382,0.779155,0.222384,0.131496,1.793724,0.568435,-0.091156,-3.662308,-0.672626,-2.059830,-23.161921,-5.273446,6.160778
0.600000,-2.204512,-2.553387,1.404692,0.796906,0.228034,0.130482,1.755957,0.561449,-0.111435,-3.889500,-0.724255,-1.994776,-22.271530,-5.051380,6.838976
0.610000,-2.196456,-2.551079,1.405991,0.814267,0.233611,0.129269,1.715963,0.553957,-0.131022,-4.107724,-0.773653,-1.922516,-21.350342,-4.822626,7.428053
0.620000,-2.188228,-2.548715,1.407276,0.831218,0.239111,0.127864,1.673834,0.545983,-0.149867,-4.316510,-0.820711,-1.845589,-20.402813,-4.588078,7.945129
0.630000,-2.179833,-2.546297,1.408547,0.847737,0.244529,0.126274,1.629665,0.537551,-0.167917,-4.515700,-0.865397,-1.763861,-19.431362,-4.348117,8.387938
0.640000,-2.171275,-2.543825,1.409801,0.863805,0.249861,0.124508,1.583553,0.528684,-0.185130,-4.705066,-0.907657,-1.678085,-18.438408,-4.103124,8.754214
0.650000,-2.162558,-2.541300,1.411037,0.879402,0.255101,0.122575,1.535597,0.519406,-0.201468,-4.884405,-0.947444,-1.589039,-17.426369,-3.853482,9.041693
0.660000,-2.153688,-2.538723,1.412252,0.894511,0.260247,0.120482,1.485899,0.509743,-0.216894,-5.053488,-0.984705,-1.496700,-16.398931,-3.599751,9.227359
0.670000,-2.144670,-2.536095,1.413446,0.909114,0.265295,0.118239,1.434562,0.499720,-0.231397,-5.212279,-1.019418,-1.403835,-15.357091,-3.342113,9.332236
0.680000,-2.135508,-2.533418,1.414617,0.923197,0.270241,0.115857,1.381688,0.489364,-0.244968,-5.360589,-1.051536,-1.310324,-14.303115,-3.080929,9.356600
0.690000,-2.126208,-2.530691,1.415763,0.936743,0.275081,0.113343,1.327385,0.478698,-0.257604,-5.498308,-1.081026,-1.216970,-13.239268,-2.816557,9.300725
0.700000,-2.116775,-2.527916,1.416883,0.949740,0.279814,0.110708,1.271758,0.467752,-0.269311,-5.625349,-1.107857,-1.124576,-12.167813,-2.549359,9.164887
0.710000,-2.107215,-2.525095,1.417977,0.962174,0.284435,0.107960,1.214916,0.456551,-0.280093,-5.741451,-1.131967,-1.033168,-11.095953,-2.280646,8.929903
0.720000,-2.097533,-2.522228,1.419042,0.974035,0.288944,0.105109,1.156965,0.445122,-0.289983,-5.847035,-1.153420,-0.945366,-10.020410,-2.009710,8.617888
0.730000,-2.087736,-2.519317,1.420078,0.985310,0.293337,0.102163,1.098011,0.433491,-0.299012,-5.941853,-1.172155,-0.861058,-8.942843,-1.736795,8.231499
0.740000,-2.077829,-2.516362,1.421085,0.995992,0.297613,0.099131,1.038164,0.421688,-0.307219,-6.025891,-1.188151,-0.780975,-7.864911,-1.462145,7.773396
0.750000,-2.067818,-2.513365,1.422061,1.006071,0.301770,0.096021,0.977529,0.409738,-0.314648,-6.099155,-1.201392,-0.705820,-6.788273,-1.186002,7.246235
0.760000,-2.057710,-2.510327,1.423005,1.015540,0.305808,0.092840,0.916219,0.397670,-0.321347,-6.161375,-1.211807,-0.635628,-5.721951,-0.910108,6.636426
0.770000,-2.047509,-2.507249,1.423917,1.024393,0.309724,0.089596,0.854337,0.385511,-0.327382,-6.213278,-1.219524,-0.572572,-4.659341,-0.633026,5.964864
0.780000,-2.037224,-2.504133,1.424797,1.032625,0.313518,0.086295,0.791989,0.373288,-0.332822,-6.254577,-1.224464,-0.516521,-3.601202,-0.354815,5.236197
0.790000,-2.026859,-2.500979,1.425643,1.040232,0.317189,0.082942,0.729281,0.361031,-0.337738,-6.285319,-1.226617,-0.468023,-2.548290,-0.075537,4.455071
0.800000,-2.016421,-2.497789,1.426456,1.047210,0.320738,0.079542,0.666318,0.348765,-0.342209,-6.305562,-1.225971,-0.427579,-1.501364,0.204750,3.626135
0.810000,-2.005917,-2.494565,1.427234,1.053558,0.324165,0.076098,0.603208,0.336521,-0.346313,-6.315080,-1.222461,-0.395171,-0.468493,0.484535,2.742069
0.820000,-1.995352,-2.491306,1.427977,1.059274,0.327469,0.072616,0.540051,0.324325,-0.350143,-6.314628,-1.216212,-0.372327,0.557772,0.765385,1.820951
0.830000,-1.984734,-2.488016,1.428686,1.064359,0.330651,0.069096,0.476949,0.312206,-0.353790,-6.303946,-1.207149,-0.358855,1.577567,1.047418,0.868895
0.840000,-1.974067,-2.484694,1.429359,1.068813,0.333713,0.065541,0.414005,0.300192,-0.357352,-6.283098,-1.195260,-0.355032,2.591030,1.330750,-0.107987
0.850000,-1.963359,-2.481342,1.429997,1.072640,0.336656,0.061949,0.351321,0.288311,-0.360924,-6.252146,-1.180530,-0.361077,3.598297,1.615499,-1.103583
0.860000,-1.952616,-2.477961,1.430598,1.075841,0.339480,0.058322,0.288998,0.276591,-0.364604,-6.210981,-1.162920,-0.376861,4.595181,1.901166,-2.118979
0.870000,-1.941845,-2.474553,1.431163,1.078421,0.342188,0.054656,0.227134,0.265062,-0.368495,-6.160067,-1.142473,-0.403154,5.586675,2.188560,-3.139982
0.880000,-1.931050,-2.471118,1.431691,1.080386,0.344782,0.050951,0.165830,0.253751,-0.372701,-6.099263,-1.119142,-0.439656,6.573444,2.477875,-4.159598
0.890000,-1.920239,-2.467657,1.432182,1.081740,0.347264,0.047201,0.105182,0.242689,-0.377322,-6.028612,-1.092908,-0.486318,7.556156,2.769302,-5.170833
0.900000,-1.909417,-2.464173,1.432635,1.082492,0.349637,0.043402,0.045290,0.231903,-0.382461,-5.948151,-1.063749,-0.543021,8.535478,3.063035,-6.166694
0.910000,-1.898591,-2.460665,1.433050,1.082649,0.351903,0.039550,-0.013749,0.221423,-0.388215,-5.857958,-1.031675,-0.609497,9.513261,3.360162,-7.142212
0.920000,-1.887766,-2.457135,1.433426,1.082220,0.354066,0.035636,-0.071837,0.211279,-0.394683,-5.757946,-0.996577,-0.685676,10.488843,3.659870,-8.088119
0.930000,-1.876949,-2.453584,1.433762,1.081215,0.356130,0.031653,-0.128875,0.201502,-0.401959,-5.648187,-0.958469,-0.771137,11.462745,3.962244,-8.997173
0.940000,-1.866144,-2.450013,1.434058,1.079646,0.358098,0.027594,-0.184768,0.192120,-0.410135,-5.528695,-0.917323,-0.865473,12.435490,4.267366,-9.862132
0.950000,-1.855358,-2.446422,1.434314,1.077524,0.359974,0.023447,-0.239417,0.183165,-0.419297,-5.399479,-0.873112,-0.968208,13.407599,4.575321,-10.675754
0.960000,-1.844595,-2.442814,1.434527,1.074862,0.361762,0.019204,-0.292729,0.174667,-0.429527,-5.260864,-0.825922,-1.078950,14.387687,4.889097,-11.426830
0.970000,-1.833862,-2.439187,1.434697,1.071675,0.363469,0.014853,-0.344601,0.166657,-0.440900,-5.112089,-0.775451,-1.196704,15.367193,5.205516,-12.112571
0.980000,-1.823163,-2.435544,1.434824,1.067976,0.365097,0.010382,-0.394938,0.159168,-0.453483,-4.953523,-0.721803,-1.320961,16.345647,5.524306,-12.726220
0.990000,-1.812504,-2.431886,1.434905,1.063781,0.366654,0.005779,-0.443639,0.152232,-0.467338,-4.785181,-0.664958,-1.450966,17.322581,5.845194,-13.261022
1.000000,-1.801889,-2.428212,1.434939,1.059109,0.368144,0.001031,-0.490609,0.145880,-0.482518,-4.607078,-0.604894,-1.585896,18.297525,6.167908,-13.710220
1.010000,-1.791324,-2.424523,1.434925,1.053975,0.369574,-0.003876,-0.535755,0.140143,-0.499074,-4.419814,-0.541789,-1.725315,19.284536,6.497086,-14.055621
1.020000,-1.780811,-2.420820,1.434861,1.048400,0.370949,-0.008955,-0.578972,0.135055,-0.517035,-4.222052,-0.475169,-1.867193,20.266841,6.826944,-14.303306
1.030000,-1.770357,-2.417104,1.434745,1.042403,0.372277,-0.014221,-0.620163,0.130650,-0.536425,-4.014500,-0.405250,-2.011037,21.242193,7.156609,-14.447920
1.040000,-1.759965,-2.413375,1.434576,1.036004,0.373564,-0.019688,-0.659230,0.126961,-0.557258,-3.797239,-0.332040,-2.155790,22.208346,7.485205,-14.484106
1.050000,-1.749638,-2.409633,1.434351,1.029225,0.374819,-0.025371,-0.696076,0.124021,-0.579540,-3.570371,-0.255553,-2.300340,23.163051,7.811861,-14.406510
1.060000,-1.739381,-2.405879,1.434068,1.022090,0.376047,-0.031284,-0.730613,0.121858,-0.603270,-3.334740,-0.176057,-2.444343,24.122162,8.141878,-14.189081
1.070000,-1.729197,-2.402112,1.433724,1.014621,0.377259,-0.037441,-0.762739,0.120510,-0.628417,-3.088797,-0.093006,-2.584639,25.063116,8.467450,-13.849691
1.080000,-1.719090,-2.398333,1.433318,1.006844,0.378461,-0.043857,-0.792358,0.120009,-0.654949,-2.833553,-0.006728,-2.720920,25.981447,8.786947,-13.385519
1.090000,-1.709062,-2.394543,1.432846,0.998783,0.379662,-0.050544,-0.819380,0.120386,-0.682818,-2.569258,0.082707,-2.851924,26.872692,9.098738,-12.793744
1.100000,-1.699115,-2.390740,1.432306,0.990465,0.380871,-0.057517,-0.843714,0.121673,-0.711966,-2.296204,0.175216,-2.976361,27.732387,9.401194,-12.071545
1.110000,-1.689253,-2.386925,1.431695,0.981918,0.382098,-0.064787,-0.865283,0.123898,-0.742332,-2.015377,0.270466,-3.094138,28.572395,9.698475,-11.185112
1.120000,-1.679477,-2.383098,1.431009,0.973169,0.383353,-0.072367,-0.883995,0.127092,-0.773817,-1.725627,0.368882,-3.201005,29.369927,9.982451,-10.166405
1.130000,-1.669790,-2.379258,1.430246,0.964248,0.384644,-0.080267,-0.899770,0.131285,-0.806316,-1.428141,0.470062,-3.297028,30.118520,10.250784,-9.016397
1.140000,-1.660193,-2.375405,1.429403,0.955184,0.385982,-0.088497,-0.912533,0.136502,-0.839717,-1.123441,0.573838,-3.380899,30.811709,10.501134,-7.736059
1.150000,-1.650687,-2.371538,1.428475,0.946008,0.387377,-0.097064,-0.922216,0.142770,-0.873889,-0.812113,0.680017,-3.451318,31.443033,10.731163,-6.326366
1.160000,-1.641273,-2.367657,1.427460,0.936750,0.388841,-0.105976,-0.928759,0.150109,-0.908711,-0.495100,0.788268,-3.508581,32.013405,10.941504,-4.748321
1.170000,-1.631952,-2.363761,1.426355,0.927443,0.390383,-0.115239,-0.932101,0.158542,-0.944006,-0.172427,0.898630,-3.547661,32.508081,11.126482,-3.047759
1.180000,-1.622724,-2.359849,1.425154,0.918119,0.392015,-0.124857,-0.932192,0.168087,-0.979606,0.154784,1.010704,-3.569147,32.919696,11.283392,-1.230547
1.190000,-1.613590,-2.355921,1.423856,0.908810,0.393748,-0.134832,-0.928993,0.178760,-1.015327,0.485666,1.124195,-3.571902,33.240883,11.409533,0.697450
1.200000,-1.604548,-2.351974,1.422457,0.899550,0.395594,-0.145163,-0.922470,0.190575,-1.050978,0.819276,1.238783,-3.554848,33.464276,11.502200,2.730364
1.210000,-1.595598,-2.348008,1.420952,0.890372,0.397564,-0.155850,-0.912598,0.203540,-1.086373,1.154946,1.354215,-3.518694,33.573783,11.556253,4.906013
1.220000,-1.586740,-2.344022,1.419338,0.881309,0.399669,-0.166889,-0.899369,0.217660,-1.121277,1.490770,1.469888,-3.458385,33.571832,11.571726,7.169498
1.230000,-1.577972,-2.340014,1.417613,0.872396,0.401921,-0.178273,-0.882784,0.232937,-1.155464,1.825990,1.585513,-3.375049,33.452125,11.546212,9.509603
1.240000,-1.569292,-2.335983,1.415772,0.863665,0.404331,-0.189995,-0.862855,0.249369,-1.188699,2.159399,1.700668,-3.267975,33.208364,11.477307,11.915112
1.250000,-1.560698,-2.331927,1.413812,0.855150,0.406912,-0.202043,-0.839607,0.266948,-1.220743,2.489723,1.814907,-3.136566,32.834252,11.362607,14.374809
1.260000,-1.552188,-2.327845,1.411730,0.846883,0.409674,-0.214404,-0.813063,0.285666,-1.251364,2.816781,1.928141,-2.981826,32.294366,11.190071,16.915109
1.270000,-1.543759,-2.323733,1.409523,0.838899,0.412629,-0.227064,-0.783291,0.305504,-1.280294,3.136446,2.038973,-2.799853,31.615099,10.968109,19.482558
1.280000,-1.535409,-2.319591,1.407188,0.831228,0.415788,-0.240004,-0.750359,0.326438,-1.307275,3.448610,2.147334,-2.592137,30.793720,10.695497,22.061334
1.290000,-1.527133,-2.315417,1.404722,0.823902,0.419161,-0.253202,-0.714349,0.348440,-1.332051,3.751838,2.252711,-2.358642,29.827497,10.371010,24.635613
1.300000,-1.518929,-2.311207,1.402123,0.816951,0.422760,-0.266637,-0.675357,0.371480,-1.354363,4.044668,2.354577,-2.099492,28.713698,9.993423,27.189573
1.310000,-1.510793,-2.306961,1.399388,0.810404,0.426594,-0.280280,-0.633475,0.395526,-1.373964,4.327504,2.453054,-1.815715,27.401757,9.544930,29.726187
1.320000,-1.502720,-2.302675,1.396517,0.804290,0.430673,-0.294106,-0.588853,0.420525,-1.390593,4.594348,2.546038,-1.505988,25.942634,9.042917,32.208533
1.330000,-1.494706,-2.298346,1.393506,0.798635,0.435008,-0.308082,-0.541639,0.446429,-1.404002,4.845877,2.633737,-1.171786,24.339456,8.488190,34.618485
1.340000,-1.486746,-2.293974,1.390355,0.793465,0.439605,-0.322174,-0.491991,0.473181,-1.413950,5.080667,2.715629,-0.813921,22.595346,7.881554,36.937920
1.350000,-1.478835,-2.289553,1.387062,0.788803,0.444474,-0.336348,-0.440086,0.500720,-1.420205,5.297324,2.791198,-0.433389,20.713432,7.223815,39.148710
1.360000,-1.470968,-2.285083,1.383627,0.784670,0.449621,-0.350565,-0.386085,0.528991,-1.422541,5.496741,2.860742,-0.030896,18.639896,6.495442,41.220782
1.370000,-1.463139,-2.280560,1.380051,0.781087,0.455055,-0.364785,-0.330222,0.557910,-1.420756,5.672249,2.921858,0.391082,16.441779,5.720067,43.149423
1.380000,-1.455344,-2.275981,1.376332,0.778071,0.460782,-0.378966,-0.272716,0.587401,-1.414658,5.825195,2.974998,0.831559,14.129179,4.900985,44.917971
1.390000,-1.447576,-2.271343,1.372472,0.775637,0.466805,-0.393064,-0.213797,0.617382,-1.404069,5.954485,3.019743,1.288852,11.712195,4.041491,46.509766
1.400000,-1.439829,-2.266644,1.368471,0.773799,0.473131,-0.407032,-0.153708,0.647767,-1.388831,6.059125,3.055704,1.761110,9.200924,3.144881,47.908144
1.410000,-1.432098,-2.261880,1.364332,0.772566,0.479761,-0.420825,-0.092678,0.678473,-1.368783,6.140188,3.083248,2.248229,6.555832,2.196263,49.048081
1.420000,-1.424376,-2.257048,1.360055,0.771947,0.486701,-0.434392,-0.030994,0.709400,-1.343832,6.192230,3.100347,2.743494,3.842728,1.219347,49.967201
1.430000,-1.416657,-2.252145,1.355645,0.771947,0.493950,-0.447685,0.031075,0.740447,-1.313886,6.216869,3.107559,3.246802,1.077786,0.219654,50.654762
1.440000,-1.408935,-2.247168,1.351103,0.772569,0.501510,-0.460653,0.093251,0.771517,-1.278877,6.213667,3.104683,3.755782,-1.722817,-0.797292,51.100026
1.450000,-1.401204,-2.242113,1.346433,0.773811,0.509380,-0.473245,0.155254,0.802507,-1.238760,6.182348,3.091574,4.267959,-4.542906,-1.825970,51.292253
1.460000,-1.393457,-2.236979,1.341639,0.775672,0.517559,-0.485412,0.216814,0.833318,-1.193482,6.123731,3.068496,4.783882,-7.389875,-2.869787,51.141531
1.470000,-1.385688,-2.231761,1.336726,0.778145,0.526045,-0.497099,0.277634,0.863842,-1.143092,6.035655,3.034578,5.293441,-10.221092,-3.913198,50.725987
1.480000,-1.377892,-2.226457,1.331699,0.781221,0.534835,-0.508257,0.337433,0.893975,-1.087631,5.919425,2.990255,5.797516,-13.017497,-4.949586,50.044574
1.490000,-1.370062,-2.221064,1.326563,0.784889,0.543923,-0.518835,0.395930,0.923613,-1.027168,5.775485,2.935632,6.293443,-15.760027,-5.972336,49.096247
1.500000,-1.362192,-2.215578,1.321324,0.789135,0.553305,-0.528784,0.452852,0.952654,-0.961798,5.604468,2.870876,6.778547,-18.429621,-6.974832,47.879962
1.510000,-1.354277,-2.209997,1.315990,0.793940,0.562974,-0.538056,0.507925,0.980995,-0.891604,5.406488,2.795969,7.253695,-20.989252,-7.944006,46.305012
1.520000,-1.346311,-2.204317,1.310566,0.799286,0.572922,-0.546602,0.560899,1.008541,-0.816781,5.184244,2.711817,7.707787,-23.440023,-8.880485,44.470990
1.530000,-1.338290,-2.198537,1.305060,0.805150,0.583142,-0.554377,0.611530,1.035200,-0.737513,4.938107,2.618488,8.142284,-25.765073,-9.778442,42.387831
1.540000,-1.330207,-2.192654,1.299481,0.811508,0.593623,-0.561338,0.659586,1.060882,-0.654009,4.669418,2.516396,8.554746,-27.947540,-10.632052,40.065467
1.550000,-1.322058,-2.186664,1.293836,0.818333,0.604356,-0.567444,0.704848,1.085501,-0.566500,4.379687,2.406014,8.942829,-29.970562,-11.435490,37.513832
1.560000,-1.313839,-2.180566,1.288135,0.825596,0.615329,-0.572656,0.747088,1.108967,-0.475211,4.068165,2.286970,9.307094,-31.755914,-12.160120,34.672069
1.570000,-1.305545,-2.174357,1.282386,0.833265,0.626531,-0.576937,0.786155,1.131217,-0.380456,3.742448,2.161990,9.638762,-33.355612,-12.825718,31.629569
1.580000,-1.297172,-2.168034,1.276599,0.841308,0.637949,-0.580255,0.821887,1.152185,-0.282540,3.401702,2.030662,9.939078,-34.760306,-13.429253,28.404934
1.590000,-1.288717,-2.161597,1.270784,0.849691,0.649571,-0.582579,0.854145,1.171811,-0.181785,3.047924,1.893622,10.206316,-35.960648,-13.967690,25.016765
1.600000,-1.280177,-2.155042,1.264951,0.858379,0.661381,-0.583882,0.882809,1.190041,-0.078529,2.683202,1.751536,10.438931,-36.947291,-14.437998,21.483664
1.610000,-1.271549,-2.148369,1.259110,0.867336,0.673367,-0.584142,0.907743,1.206814,0.026887,2.306331,1.603829,10.636766,-37.625260,-14.805060,17.793955
1.620000,-1.262830,-2.141574,1.253272,0.876522,0.685513,-0.583339,0.928917,1.222106,0.134081,1.927614,1.454236,10.795815,-38.081317,-15.101855,14.000224
1.630000,-1.254018,-2.134658,1.247447,0.885902,0.697804,-0.581456,0.946284,1.235890,0.242675,1.545441,1.302023,10.916499,-38.316600,-15.329279,10.124779
1.640000,-1.245111,-2.127618,1.241646,0.895435,0.710225,-0.578482,0.959822,1.248140,0.352281,1.162014,1.147879,10.998112,-38.332245,-15.488226,6.189930
1.650000,-1.236109,-2.120453,1.235881,0.905085,0.722762,-0.574408,0.969528,1.258843,0.462506,0.779524,0.992484,11.040173,-38.129390,-15.579594,2.217985
1.660000,-1.227009,-2.113162,1.230162,0.914814,0.735397,-0.569231,0.975388,1.267975,0.572946,0.396971,0.835329,11.041874,-37.628872,-15.574471,-1.754883
1.670000,-1.217812,-2.105745,1.224500,0.924582,0.748116,-0.562950,0.977487,1.275551,0.683211,0.024050,0.679871,11.004476,-36.921959,-15.507209,-5.721927
1.680000,-1.208518,-2.098200,1.218907,0.934351,0.760903,-0.555569,0.975896,1.281576,0.792904,-0.340816,0.525377,10.927523,-36.019620,-15.382354,-9.662535
1.690000,-1.199125,-2.090527,1.213392,0.944087,0.773743,-0.547095,0.970704,1.286063,0.901630,-0.695728,0.372401,10.811382,-34.932824,-15.204451,-13.556097
1.700000,-1.189636,-2.082725,1.207968,0.953754,0.786619,-0.537541,0.962020,1.289031,1.009002,-1.038894,0.221450,10.656627,-33.672540,-14.978045,-17.382001
1.710000,-1.180051,-2.074794,1.202645,0.963317,0.799519,-0.526920,0.949949,1.290493,1.114617,-1.370644,0.072303,10.462216,-32.199039,-14.690415,-21.073658
1.720000,-1.170370,-2.066734,1.197433,0.972743,0.812425,-0.515255,0.934659,1.290487,1.218125,-1.684654,-0.073005,10.233445,-30.580195,-14.365487,-24.662065
1.730000,-1.160596,-2.058546,1.192343,0.982000,0.825324,-0.502566,0.916312,1.289044,1.319168,-1.981821,-0.214905,9.969369,-28.833186,-14.009923,-28.132241
1.740000,-1.150731,-2.050228,1.187385,0.991060,0.838201,-0.488881,0.895083,1.286201,1.417399,-2.260948,-0.353124,9.671245,-26.975189,-13.630382,-31.469204
1.750000,-1.140776,-2.041782,1.182569,0.999893,0.851043,-0.474228,0.871157,1.281995,1.512484,-2.521012,-0.487455,9.340479,-25.023380,-13.233525,-34.657975
1.760000,-1.130734,-2.033207,1.177904,1.008474,0.863836,-0.458642,0.844725,1.276466,1.604080,-2.761546,-0.617731,8.976320,-22.985177,-12.826702,-37.625247
1.770000,-1.120607,-2.024505,1.173399,1.016780,0.876568,-0.442159,0.815995,1.269654,1.691915,-2.980957,-0.743944,8.585940,-20.888711,-12.415797,-40.421506
1.780000,-1.110399,-2.015676,1.169064,1.024787,0.889225,-0.424817,0.785176,1.261601,1.775709,-3.179188,-0.866056,8.168486,-18.752354,-12.007387,-43.038912
1.790000,-1.100113,-2.006721,1.164906,1.032477,0.901796,-0.406659,0.752483,1.252346,1.855200,-3.355932,-0.984122,7.725784,-16.594478,-11.608047,-45.469626
1.800000,-1.089751,-1.997641,1.160933,1.039831,0.914268,-0.387728,0.718130,1.241931,1.930147,-3.511067,-1.098269,7.259742,-14.433455,-11.224352,-47.705809
1.810000,-1.079317,-1.988436,1.157154,1.046835,0.926631,-0.368071,0.682346,1.230401,2.000301,-3.643525,-1.207972,6.770251,-12.316117,-10.880841,-49.686792
1.820000,-1.068815,-1.979108,1.153574,1.053474,0.938873,-0.347738,0.645329,1.217783,2.065489,-3.756219,-1.315172,6.264327,-10.228890,-10.563926,-51.464034
1.830000,-1.058249,-1.969659,1.150201,1.059738,0.950983,-0.326778,0.607290,1.204108,2.125532,-3.848253,-1.419354,5.741654,-8.186663,-10.277983,-53.036164
1.840000,-1.047622,-1.960089,1.147040,1.065617,0.962951,-0.305245,0.568431,1.189405,2.180273,-3.920152,-1.520850,5.204292,-6.204321,-10.027389,-54.401813
1.850000,-1.036938,-1.950400,1.144098,1.071104,0.974768,-0.283191,0.528952,1.173699,2.229576,-3.972589,-1.620034,4.654311,-4.296753,-9.816519,-55.559609
1.860000,-1.026201,-1.940594,1.141378,1.076194,0.986422,-0.260672,0.489065,1.157023,2.273308,-4.004262,-1.716160,4.092291,-2.532479,-9.679224,-56.470158
1.870000,-1.015415,-1.930673,1.138886,1.080884,0.997904,-0.237743,0.448924,1.139379,2.311395,-4.021170,-1.812452,3.523896,-0.866184,-9.586795,-57.174770
1.880000,-1.004585,-1.920637,1.136624,1.085172,1.009206,-0.214463,0.408695,1.120776,2.343766,-4.021940,-1.908048,2.949471,0.693811,-9.540000,-57.676731
1.890000,-0.993713,-1.910489,1.134597,1.089058,1.020317,-0.190887,0.368535,1.101219,2.370371,-4.007676,-2.003407,2.371026,2.139189,-9.539606,-57.979326
1.900000,-0.982805,-1.900231,1.132807,1.092544,1.031227,-0.167075,0.328588,1.080707,2.391179,-3.979566,-2.098997,1.790538,3.461629,-9.586379,-58.085841
1.910000,-0.971864,-1.889865,1.131256,1.095630,1.041927,-0.143083,0.289012,1.059251,2.406171,-3.936452,-2.194014,1.209028,4.591459,-9.713416,-57.976215
1.920000,-0.960894,-1.879393,1.129946,1.098324,1.052409,-0.118970,0.249894,1.036822,2.415367,-3.885438,-2.291972,0.630594,5.589225,-9.885195,-57.679939
1.930000,-0.949899,-1.868818,1.128877,1.100630,1.062660,-0.094795,0.211334,1.013405,2.418796,-3.825110,-2.391857,0.056031,6.454120,-10.098524,-57.203158
1.940000,-0.938882,-1.858141,1.128050,1.102553,1.072673,-0.070613,0.173419,0.988977,2.416506,-3.756801,-2.494070,-0.512888,7.185338,-10.350211,-56.552016
1.950000,-0.927849,-1.847365,1.127465,1.104101,1.082437,-0.046483,0.136221,0.963514,2.408563,-3.681852,-2.598978,-1.074449,7.782072,-10.637064,-55.732659
1.960000,-0.916802,-1.836493,1.127120,1.105280,1.091940,-0.022461,0.099822,0.936999,2.395041,-3.599508,-2.705875,-1.627566,8.190401,-10.982232,-54.736956
1.970000,-0.905744,-1.825527,1.127015,1.106099,1.101173,0.001399,0.064242,0.909385,2.376047,-3.516105,-2.817532,-2.169311,8.469136,-11.352957,-53.587075
1.980000,-0.894681,-1.814471,1.127147,1.106567,1.110124,0.025043,0.029507,0.880635,2.351696,-3.430538,-2.932998,-2.698820,8.623973,-11.742821,-52.290907
1.990000,-0.883614,-1.803326,1.127515,1.106692,1.118781,0.048416,-0.004366,0.850712,2.322116,-3.344019,-3.052431,-3.214668,8.660609,-12.145405,-50.856344
2.000000,-0.872548,-1.792096,1.128115,1.106483,1.127134,0.071468,-0.037374,0.819573,2.287452,-3.257701,-3.175927,-3.715512,8.584742,-12.554293,-49.291280
2.010000,-0.861486,-1.780784,1.128943,1.105947,1.135168,0.094149,-0.069510,0.787185,2.247856,-3.171362,-3.302990,-4.200502,8.368767,-12.976355,-47.593072
2.020000,-0.850430,-1.769394,1.129996,1.105095,1.142873,0.116409,-0.100810,0.753499,2.203501,-3.089163,-3.434834,-4.667465,8.055760,-13.390258,-45.781436
2.030000,-0.839385,-1.757928,1.131270,1.103934,1.150234,0.138203,-0.131305,0.718475,2.154569,-3.010538,-3.570741,-5.115783,7.655495,-13.787957,-43.865556
2.040000,-0.828352,-1.746390,1.132759,1.102472,1.157238,0.159486,-0.161035,0.682072,2.101251,-2.936311,-3.710512,-5.544460,7.177745,-14.161407,-41.854614
2.050000,-0.817336,-1.734784,1.134458,1.100716,1.163871,0.180214,-0.190048,0.644253,2.043748,-2.867209,-3.853862,-5.952589,6.632286,-14.502563,-39.757790
2.060000,-0.806339,-1.723114,1.136361,1.098673,1.170118,0.200348,-0.218395,0.604982,1.982267,-2.803548,-4.000565,-6.339667,6.021041,-14.799943,-37.576514
2.070000,-0.795364,-1.711383,1.138462,1.096350,1.175965,0.219847,-0.246141,0.564232,1.917028,-2.746595,-4.149854,-6.704244,5.362597,-15.049360,-35.328671
2.080000,-0.784413,-1.699596,1.140756,1.093752,1.181398,0.238677,-0.273350,0.521978,1.848258,-2.696417,-4.301367,-7.046052,4.667689,-15.243190,-33.024394
2.090000,-0.773490,-1.687757,1.143234,1.090884,1.186400,0.256802,-0.300093,0.478200,1.776185,-2.653327,-4.454508,-7.364578,3.947052,-15.373810,-30.673814
2.100000,-0.762596,-1.675870,1.145889,1.087751,1.190957,0.274190,-0.326441,0.432884,1.701045,-2.617526,-4.608607,-7.659408,3.211421,-15.433596,-28.287065
2.110000,-0.751735,-1.663939,1.148715,1.084357,1.195053,0.290813,-0.352475,0.386018,1.623076,-2.589749,-4.763688,-7.930273,2.487603,-15.395473,-25.873243
2.120000,-0.740910,-1.651970,1.151703,1.080703,1.198672,0.306643,-0.378260,0.337613,1.542520,-2.568477,-4.917106,-8.176866,1.768296,-15.273650,-23.443642
2.130000,-0.730122,-1.639967,1.154845,1.076792,1.201800,0.321656,-0.403868,0.287682,1.459620,-2.554338,-5.068864,-8.399127,1.062265,-15.062885,-21.008519
2.140000,-0.719375,-1.627936,1.158133,1.072626,1.204421,0.335828,-0.429370,0.236245,1.374619,-2.547158,-5.218049,-8.597052,0.378280,-14.757934,-18.578134
2.150000,-0.708671,-1.615881,1.161559,1.068205,1.206520,0.349142,-0.454833,0.183333,1.287760,-2.546670,-5.363692,-8.770740,-0.274893,-14.353555,-16.162745
2.160000,-0.698012,-1.603807,1.165113,1.063529,1.208083,0.361578,-0.480338,0.128973,1.199289,-2.553806,-5.505991,-8.919930,-0.856094,-13.813716,-13.784267
2.170000,-0.687401,-1.591721,1.168787,1.058598,1.209095,0.373123,-0.505928,0.073233,1.109440,-2.565090,-5.640987,-9.046019,-1.392914,-13.167736,-11.439875
2.180000,-0.676841,-1.579627,1.172573,1.053410,1.209543,0.383763,-0.531657,0.016176,1.018446,-2.581500,-5.768987,-9.148871,-1.880551,-12.414141,-9.138400
2.190000,-0.666334,-1.567532,1.176460,1.047964,1.209415,0.393489,-0.557574,-0.042120,0.926539,-2.602521,-5.888906,-9.228959,-2.314203,-11.551462,-6.888675
2.200000,-0.655882,-1.555441,1.180439,1.042258,1.208697,0.402292,-0.583721,-0.101571,0.833941,-2.627589,-5.999647,-9.286846,-2.689070,-10.578225,-4.699529
2.210000,-0.645489,-1.543360,1.184502,1.036289,1.207380,0.410166,-0.610153,-0.162094,0.740885,-2.657567,-6.101475,-9.322076,-2.963066,-9.458149,-2.607698
2.220000,-0.635157,-1.531295,1.188639,1.030054,1.205452,0.417108,-0.636880,-0.223561,0.647568,-2.688302,-6.190000,-9.338004,-3.173238,-8.228834,-0.590692
2.230000,-0.624889,-1.519253,1.192841,1.023551,1.202906,0.423117,-0.663925,-0.285851,0.554191,-2.720818,-6.265697,-9.334158,-3.319353,-6.893071,1.346072
2.240000,-0.614687,-1.507239,1.197099,1.016775,1.199733,0.428192,-0.691301,-0.348829,0.460948,-2.754474,-6.327516,-9.311368,-3.401173,-5.453651,3.197182
2.250000,-0.604554,-1.495261,1.201402,1.009724,1.195928,0.432337,-0.719016,-0.412352,0.368024,-2.788626,-6.374434,-9.270518,-3.418462,-3.913365,4.957221
2.260000,-0.594494,-1.483323,1.205742,1.002394,1.191485,0.435554,-0.747085,-0.476278,0.275613,-2.823812,-6.406692,-9.210893,-3.341067,-2.243788,6.579059
2.270000,-0.584508,-1.471433,1.210110,0.994781,1.186402,0.437851,-0.775489,-0.540428,0.183859,-2.856579,-6.420398,-9.137397,-3.202332,-0.482749,8.104106
2.280000,-0.574599,-1.459597,1.214496,0.986883,1.180676,0.439234,-0.804211,-0.604626,0.092914,-2.887666,-6.416064,-9.049135,-3.005688,1.363141,9.532055
2.290000,-0.564771,-1.447822,1.218892,0.978696,1.174310,0.439712,-0.833234,-0.668687,0.002922,-2.916511,-6.392875,-8.947080,-2.754561,3.287269,10.862601
2.300000,-0.555026,-1.436113,1.223288,0.970217,1.167304,0.439296,-0.862532,-0.732418,-0.085985,-2.942587,-6.350080,-8.832209,-2.452379,5.283022,12.095437
2.310000,-0.545367,-1.424478,1.227675,0.961445,1.159663,0.437996,-0.892081,-0.795630,-0.173663,-2.965944,-6.287885,-8.703700,-2.088823,7.366214,13.184842
2.320000,-0.535798,-1.412922,1.232045,0.952375,1.151394,0.435826,-0.921838,-0.858106,-0.260024,-2.984836,-6.203572,-8.566793,-1.682751,9.505059,14.181485
2.330000,-0.526321,-1.401452,1.236388,0.943007,1.142504,0.432800,-0.951764,-0.919630,-0.344967,-2.999475,-6.097630,-8.420362,-1.239274,11.690199,15.090621
2.340000,-0.516939,-1.390074,1.240698,0.933340,1.133005,0.428932,-0.981813,-0.979985,-0.428402,-3.009513,-5.969645,-8.265255,-0.763504,13.912275,15.917504
2.350000,-0.507655,-1.378794,1.244964,0.923371,1.122909,0.424238,-1.011938,-1.038948,-0.510246,-3.014654,-5.819293,-8.102269,-0.260553,16.161928,16.667388
2.360000,-0.498473,-1.367618,1.249180,0.913101,1.112232,0.418732,-1.042087,-1.096301,-0.590410,-3.014511,-5.646839,-7.930826,0.260929,18.442264,17.312177
2.370000,-0.489394,-1.356551,1.253336,0.902529,1.100990,0.412435,-1.072210,-1.151809,-0.668842,-3.009220,-5.450979,-7.754744,0.799803,20.729933,17.894560
2.380000,-0.480423,-1.345600,1.257426,0.891657,1.089203,0.405362,-1.102253,-1.205244,-0.745486,-2.998472,-5.232252,-7.573112,1.351393,23.014052,18.423876
2.390000,-0.471562,-1.334769,1.261441,0.880485,1.076892,0.397531,-1.132161,-1.256378,-0.820288,-2.982165,-4.990746,-7.386413,1.911021,25.283734,18.909464
2.400000,-0.462814,-1.324063,1.265374,0.869014,1.064083,0.388962,-1.161878,-1.304984,-0.893199,-2.960241,-4.726662,-7.195037,2.474009,27.528096,19.360662
2.410000,-0.454183,-1.313489,1.269218,0.857248,1.050802,0.379673,-1.191341,-1.350838,-0.964171,-2.932097,-4.440453,-6.998998,3.020736,29.739996,19.779608
2.420000,-0.445670,-1.303049,1.272965,0.845188,1.037077,0.369685,-1.220502,-1.393720,-1.033165,-2.899173,-4.132187,-6.799173,3.563298,31.904348,20.183723
2.430000,-0.437280,-1.292748,1.276609,0.832839,1.022938,0.359017,-1.249306,-1.433411,-1.100141,-2.860855,-3.802563,-6.595339,4.098847,34.009807,20.583226
2.440000,-0.429015,-1.282591,1.280143,0.820203,1.008420,0.347689,-1.277701,-1.469702,-1.165058,-2.817229,-3.452225,-6.387490,4.624534,36.045030,20.988339
2.450000,-0.420877,-1.272581,1.283561,0.807286,0.993556,0.335723,-1.305633,-1.502389,-1.227877,-2.768407,-3.081934,-6.175519,5.137513,37.998673,21.409280
2.460000,-0.412870,-1.262721,1.286856,0.794092,0.978385,0.323139,-1.333044,-1.531275,-1.288565,-2.713803,-2.692369,-5.960188,5.616572,39.854526,21.880780
2.470000,-0.404996,-1.253014,1.290022,0.780627,0.962944,0.309959,-1.359894,-1.556176,-1.347064,-2.655309,-2.284972,-5.738887,6.079475,41.606708,22.385549
2.480000,-0.397258,-1.243463,1.293053,0.766896,0.947275,0.296205,-1.386135,-1.576918,-1.403325,-2.592270,-1.860616,-5.512342,6.525622,43.244473,22.930804
2.490000,-0.389659,-1.234069,1.295944,0.752906,0.931420,0.281900,-1.411725,-1.593336,-1.457292,-2.524855,-1.420500,-5.280112,6.954414,44.757072,23.523765
2.500000,-0.382201,-1.224835,1.298689,0.738664,0.915423,0.267067,-1.436618,-1.605279,-1.508907,-2.453241,-0.965928,-5.041683,7.365251,46.133759,24.171649
2.510000,-0.374886,-1.215761,1.301284,0.724176,0.899330,0.251731,-1.460770,-1.612604,-1.558126,-2.377027,-0.497667,-4.798519,7.742763,47.347469,24.933389
2.520000,-0.367718,-1.206849,1.303722,0.709451,0.883187,0.235914,-1.484147,-1.615195,-1.604851,-2.297784,-0.018768,-4.545114,8.102930,48.405769,25.758159
2.530000,-0.360698,-1.198098,1.306000,0.694496,0.867042,0.219642,-1.506714,-1.612947,-1.648999,-2.215022,0.469901,-4.283143,8.446961,49.299911,26.646845
2.540000,-0.353829,-1.189508,1.308114,0.679320,0.850944,0.202943,-1.528436,-1.605770,-1.690483,-2.128895,0.966654,-4.011961,8.776066,50.021143,27.600334
2.550000,-0.347112,-1.181078,1.310058,0.663930,0.834943,0.185842,-1.549281,-1.593593,-1.729206,-2.039546,1.469718,-3.730917,9.091452,50.560717,28.619513
2.560000,-0.340551,-1.172808,1.311829,0.648337,0.819089,0.168369,-1.569214,-1.576347,-1.765094,-1.946871,1.978496,-3.441937,9.388362,50.877992,29.770639
2.570000,-0.334146,-1.164696,1.313424,0.632549,0.803433,0.150551,-1.588208,-1.554015,-1.798005,-1.851548,2.488051,-3.138224,9.674704,51.000014,30.981224
2.580000,-0.327901,-1.156739,1.314839,0.616576,0.788025,0.132419,-1.606236,-1.526585,-1.827817,-1.753406,2.997829,-2.822138,9.952417,50.921940,32.244150
2.590000,-0.321815,-1.148934,1.316072,0.600428,0.772918,0.114005,-1.623267,-1.494065,-1.854405,-1.652522,3.505807,-2.493191,10.223441,50.638923,33.552298
2.600000,-0.315893,-1.141279,1.317119,0.584114,0.758161,0.095342,-1.639277,-1.456482,-1.877637,-1.548953,4.009909,-2.150965,10.489716,50.146121,34.898551
2.610000,-0.310134,-1.133770,1.317978,0.567646,0.743804,0.076465,-1.654239,-1.413865,-1.897404,-1.442905,4.509994,-1.797447,10.757425,49.388659,36.334650
2.620000,-0.304540,-1.126402,1.318647,0.551033,0.729899,0.057407,-1.668126,-1.366311,-1.913538,-1.333998,4.999204,-1.426844,11.023746,48.417847,37.787410
2.630000,-0.299113,-1.119170,1.319125,0.534287,0.716494,0.038207,-1.680911,-1.313917,-1.925892,-1.222430,5.477644,-1.041691,11.290098,47.234968,39.242508
2.640000,-0.293855,-1.112070,1.319411,0.517419,0.703637,0.018902,-1.692566,-1.256801,-1.934323,-1.108192,5.943201,-0.642034,11.557902,45.841302,40.685618
2.650000,-0.288765,-1.105096,1.319503,0.500439,0.691374,-0.000466,-1.703065,-1.195103,-1.938685,-0.991262,6.393772,-0.228066,11.828579,44.238131,42.102416
2.660000,-0.283846,-1.098240,1.319402,0.483361,0.679749,-0.019857,-1.712387,-1.128955,-1.938851,-0.872104,6.829792,0.198677,12.116131,42.363015,43.508934
2.670000,-0.279098,-1.091498,1.319106,0.466196,0.668808,-0.039228,-1.720498,-1.058573,-1.934666,-0.749487,7.243213,0.640562,12.407854,40.288759,44.856772
2.680000,-0.274523,-1.084862,1.318617,0.448956,0.658591,-0.058535,-1.727367,-0.984163,-1.925996,-0.623933,7.634934,1.095556,12.703631,38.024447,46.127888
2.690000,-0.270120,-1.078324,1.317936,0.431653,0.649137,-0.077733,-1.732967,-0.905953,-1.912714,-0.495402,8.003099,1.562804,13.003338,35.579163,47.304239
2.700000,-0.265890,-1.071877,1.317063,0.414301,0.640484,-0.096774,-1.737265,-0.824186,-1.894702,-0.363854,8.345944,2.041265,13.306858,32.961990,48.367783
2.710000,-0.261834,-1.065511,1.316001,0.396912,0.632664,-0.115611,-1.740240,-0.739096,-1.871849,-0.229887,8.664317,2.530312,13.630114,30.118329,49.285598
2.720000,-0.257952,-1.059220,1.314752,0.379500,0.625711,-0.134195,-1.741852,-0.650997,-1.844068,-0.091962,8.950667,3.027151,13.954977,27.128745,50.056343
2.730000,-0.254244,-1.052994,1.313318,0.362080,0.619653,-0.152476,-1.742069,-0.560185,-1.811283,0.049210,9.206462,3.530895,14.279360,24.010120,50.663797
2.740000,-0.250710,-1.046824,1.311703,0.344664,0.614515,-0.170404,-1.740857,-0.466973,-1.773433,0.193616,9.430496,4.039829,14.601179,20.779336,51.091740
2.750000,-0.247350,-1.040701,1.309911,0.327267,0.610320,-0.187927,-1.738186,-0.371684,-1.730475,0.341219,9.621731,4.552077,14.918348,17.453276,51.323953
2.760000,-0.244165,-1.034615,1.307946,0.309905,0.607087,-0.204997,-1.734028,-0.274632,-1.682360,0.491466,9.781005,5.068122,15.241285,14.005759,51.280544
2.770000,-0.241152,-1.028556,1.305813,0.292592,0.604832,-0.221558,-1.728346,-0.176180,-1.629118,0.645452,9.903581,5.579796,15.553872,10.502002,51.016759
2.780000,-0.238312,-1.022515,1.303517,0.275344,0.603567,-0.237562,-1.721109,-0.076678,-1.570776,0.802497,9.990931,6.087695,15.852491,6.964161,50.524175
2.790000,-0.235645,-1.016481,1.301064,0.258175,0.603300,-0.252957,-1.712286,0.023520,-1.507384,0.962443,10.042825,6.589489,16.133527,3.414389,49.794367
2.800000,-0.233149,-1.010445,1.298460,0.241103,0.604038,-0.267693,-1.701851,0.124060,-1.439015,1.125096,10.059253,7.082763,16.393364,-0.125158,48.818912
2.810000,-0.230823,-1.004397,1.295712,0.224144,0.605782,-0.281722,-1.689777,0.224587,-1.365725,1.290134,10.040389,7.568794,16.630749,-3.631309,47.494069
2.820000,-0.228665,-0.998326,1.292828,0.207313,0.608529,-0.294993,-1.676041,0.324752,-1.287687,1.457510,9.986763,8.036064,16.839414,-7.083050,45.918402
2.830000,-0.226676,-0.992223,1.289815,0.190629,0.612274,-0.307461,-1.660620,0.424209,-1.205060,1.626813,9.898983,8.486336,17.015452,-10.458351,44.095159
2.840000,-0.224852,-0.986078,1.286682,0.174106,0.617009,-0.319080,-1.643499,0.522621,-1.118025,1.797697,9.777924,8.917152,17.154957,-13.735182,42.027586
2.850000,-0.223193,-0.979880,1.283437,0.157764,0.622722,-0.329807,-1.624663,0.619660,-1.026790,1.969778,9.624681,9.326085,17.254023,-16.891512,39.718932
2.860000,-0.221696,-0.973620,1.280089,0.141619,0.629398,-0.339603,-1.604096,0.714987,-0.931545,2.143077,9.438345,9.714402,17.297456,-19.849137,37.079901
2.870000,-0.220360,-0.967289,1.276648,0.125688,0.637016,-0.348427,-1.581800,0.808331,-0.832594,2.316074,9.225716,10.071070,17.294022,-22.649080,34.217616
2.880000,-0.219182,-0.960877,1.273124,0.109989,0.645557,-0.356244,-1.557776,0.899411,-0.730222,2.488793,8.985940,10.398059,17.241197,-25.276188,31.146654
2.890000,-0.218159,-0.954374,1.269526,0.094538,0.654996,-0.363021,-1.532027,0.987965,-0.624738,2.660725,8.720819,10.693356,17.136457,-27.715310,27.881596
2.900000,-0.217290,-0.947774,1.265867,0.079354,0.665307,-0.368729,-1.504565,1.073749,-0.516467,2.831340,8.432310,10.955092,16.977279,-29.951295,24.437021
2.910000,-0.216571,-0.941066,1.262155,0.064452,0.676462,-0.373343,-1.475398,1.156499,-0.405729,3.000888,8.118753,11.183836,16.740769,-31.873814,20.769680
2.920000,-0.216000,-0.934242,1.258404,0.049851,0.688427,-0.376838,-1.444557,1.236064,-0.292915,3.166875,7.791325,11.372590,16.447269,-33.574546,16.959061
2.930000,-0.215573,-0.927294,1.254623,0.035567,0.701172,-0.379195,-1.412071,1.312273,-0.178406,3.329643,7.448013,11.522612,16.096749,-35.049994,13.026823
2.940000,-0.215288,-0.920216,1.250824,0.021615,0.714661,-0.380401,-1.377976,1.384979,-0.062596,3.488620,7.091087,11.632793,15.689181,-36.296659,8.994627
2.950000,-0.215140,-0.912999,1.247018,0.008012,0.728859,-0.380444,-1.342313,1.454057,0.054114,3.643236,6.722854,11.702243,15.224535,-37.311045,4.884131
2.960000,-0.215126,-0.905636,1.243219,-0.005226,0.743731,-0.379318,-1.305115,1.519363,0.171316,3.794082,6.341649,11.730718,14.673449,-37.988540,0.706121
2.970000,-0.215243,-0.898122,1.239436,-0.018085,0.759235,-0.377018,-1.266451,1.580871,0.288588,3.937836,5.959325,11.716739,14.068820,-38.439141,-3.505536
2.980000,-0.215487,-0.890450,1.235682,-0.030551,0.775336,-0.373547,-1.226380,1.638538,0.405510,4.075292,5.573593,11.660571,13.414210,-38.671732,-7.727850
2.990000,-0.215853,-0.882613,1.231969,-0.042609,0.791993,-0.368910,-1.184968,1.692339,0.521659,4.205966,5.186588,11.562223,12.713181,-38.695198,-11.937828
3.000000,-0.216337,-0.874608,1.228308,-0.054246,0.809170,-0.363118,-1.142284,1.742272,0.636614,4.329412,4.800356,11.421933,11.969296,-38.518422,-16.112479
3.010000,-0.216936,-0.866428,1.224710,-0.065450,0.826827,-0.356183,-1.098401,1.788325,0.749945,4.445524,4.414123,11.238864,11.178451,-38.081232,-20.195872
3.020000,-0.217645,-0.858070,1.221188,-0.076210,0.844924,-0.348125,-1.053401,1.830572,0.861257,4.553208,4.036229,11.016802,10.352814,-37.470023,-24.201988
3.030000,-0.218459,-0.849529,1.217751,-0.086515,0.863426,-0.338966,-1.007365,1.869073,0.970149,4.652480,3.665245,10.755145,9.496887,-36.702135,-28.111869
3.040000,-0.219374,-0.840800,1.214412,-0.096354,0.882294,-0.328732,-0.960380,1.903905,1.076231,4.743059,3.302651,10.454949,8.615173,-35.794908,-31.906556
3.050000,-0.220384,-0.831882,1.211180,-0.105720,0.901492,-0.317452,-0.912534,1.935158,1.179124,4.824712,2.949753,10.117461,7.712173,-34.765682,-35.567092
3.060000,-0.221486,-0.822770,1.208066,-0.114603,0.920985,-0.305160,-0.863912,1.962926,1.278438,4.897644,2.606753,9.741996,6.782351,-33.608240,-39.020929
3.070000,-0.222675,-0.813461,1.205080,-0.122996,0.940739,-0.291895,-0.814612,1.987334,1.373851,4.960770,2.276818,9.335202,5.841475,-32.366361,-42.309260
3.080000,-0.223945,-0.803954,1.202232,-0.130893,0.960721,-0.277697,-0.764728,2.008505,1.465035,5.014456,1.959640,8.896404,4.895276,-31.060271,-45.419688
3.090000,-0.225291,-0.794246,1.199529,-0.138289,0.980899,-0.262610,-0.714355,2.026571,1.551679,5.058677,1.655760,8.427442,3.949486,-29.710193,-48.339817
3.100000,-0.226709,-0.784335,1.196982,-0.145179,1.001243,-0.246680,-0.663586,2.041666,1.633490,5.093466,1.365516,7.930283,3.009836,-28.336352,-51.057249
3.110000,-0.228193,-0.774221,1.194598,-0.151560,1.021723,-0.229957,-0.612514,2.053940,1.710174,5.119107,1.090243,7.404871,2.077167,-26.989241,-53.505461
3.120000,-0.229738,-0.763901,1.192386,-0.157428,1.042312,-0.212494,-0.561235,2.063515,1.781510,5.135289,0.827039,6.858493,1.162697,-25.655109,-55.732812
3.130000,-0.231340,-0.753374,1.190351,-0.162784,1.062985,-0.194345,-0.509839,2.070525,1.847274,5.142443,0.577042,6.290971,0.272758,-24.350471,-57.733533
3.140000,-0.232992,-0.742641,1.188501,-0.167625,1.083715,-0.175567,-0.458415,2.075099,1.907266,5.140847,0.339876,5.704598,-0.586322,-23.091847,-59.501856
3.150000,-0.234691,-0.731700,1.186841,-0.171952,1.104479,-0.156219,-0.407050,2.077363,1.961311,5.130840,0.114997,5.101727,-1.408212,-21.895752,-61.032013
3.160000,-0.236430,-0.720551,1.185378,-0.175766,1.125254,-0.136361,-0.355841,2.077465,2.009232,5.111369,-0.095779,4.482791,-2.149753,-20.842451,-62.268248
3.170000,-0.238204,-0.709195,1.184116,-0.179069,1.146020,-0.116055,-0.304846,2.075481,2.050929,5.086352,-0.299299,3.854943,-2.845954,-19.876909,-63.260901
3.180000,-0.240009,-0.697631,1.183058,-0.181864,1.166757,-0.095363,-0.254136,2.071509,2.086302,5.054607,-0.493638,3.218384,-3.494997,-19.007838,-64.010323
3.190000,-0.241840,-0.685860,1.182209,-0.184153,1.187444,-0.074350,-0.203775,2.065636,2.115276,5.016616,-0.679806,2.575546,-4.095062,-18.243950,-64.516867
3.200000,-0.243691,-0.673882,1.181572,-0.185941,1.208063,-0.053079,-0.153823,2.057937,2.137800,4.972876,-0.858897,1.928855,-4.644328,-17.593956,-64.780884
3.210000,-0.245557,-0.661699,1.181149,-0.187231,1.228596,-0.031615,-0.104340,2.048513,2.153834,4.923490,-1.028857,1.279459,-5.130500,-17.148335,-64.770491
3.220000,-0.247434,-0.649311,1.180940,-0.188029,1.249027,-0.010024,-0.055369,2.037373,2.163394,4.869975,-1.198618,0.632799,-5.563517,-16.824020,-64.522223
3.230000,-0.249316,-0.636719,1.180948,-0.188340,1.269338,0.011631,-0.006954,2.024549,2.166503,4.812398,-1.365737,-0.010207,-5.942842,-16.619709,-64.040380
3.240000,-0.251199,-0.623924,1.181173,-0.188170,1.289512,0.033285,0.040868,2.010063,2.163209,4.751299,-1.531408,-0.647244,-6.267938,-16.534103,-63.329262
3.250000,-0.253078,-0.610929,1.181614,-0.187525,1.309534,0.054874,0.088062,1.993922,2.153585,4.687222,-1.696810,-1.276042,-6.538268,-16.565901,-62.393167
3.260000,-0.254948,-0.597734,1.182270,-0.186411,1.329384,0.076336,0.134597,1.976155,2.137712,4.620042,-1.860204,-1.895436,-6.736228,-16.787275,-61.209522
3.270000,-0.256804,-0.584342,1.183140,-0.184835,1.349050,0.097608,0.180458,1.956709,2.115720,4.551915,-2.029629,-2.500722,-6.880437,-17.114455,-59.812790
3.280000,-0.258643,-0.570754,1.184221,-0.182804,1.368513,0.118631,0.225631,1.935550,2.087748,4.482607,-2.202811,-3.091007,-6.972449,-17.537145,-58.210562
3.290000,-0.260459,-0.556972,1.185511,-0.180325,1.387755,0.139344,0.270108,1.912637,2.053956,4.412635,-2.380656,-3.664274,-7.013817,-18.045046,-56.410429
3.300000,-0.262248,-0.543000,1.187007,-0.177404,1.406760,0.159691,0.313883,1.887919,2.014525,4.342495,-2.563962,-4.218581,-7.006094,-18.627862,-54.419981
3.310000,-0.264006,-0.528838,1.188704,-0.174049,1.425507,0.179617,0.356947,1.861353,1.969641,4.271627,-2.751931,-4.753231,-6.924467,-19.313125,-52.217340
3.320000,-0.265728,-0.514490,1.190598,-0.170267,1.443980,0.199067,0.399319,1.832856,1.919537,4.202971,-2.948701,-5.263672,-6.800082,-20.048076,-49.843173
3.330000,-0.267410,-0.499959,1.192683,-0.166065,1.462157,0.217991,0.441011,1.802354,1.864450,4.135752,-3.153008,-5.749560,-6.637722,-20.817787,-47.308678
3.340000,-0.269047,-0.485248,1.194956,-0.161449,1.480020,0.236340,0.482040,1.769770,1.804633,4.070327,-3.365123,-6.209348,-6.442168,-21.607328,-44.625055
3.350000,-0.270637,-0.470360,1.197408,-0.156426,1.497546,0.254068,0.522425,1.735025,1.740355,4.007004,-3.585171,-6.641601,-6.218200,-22.401770,-41.803501
3.360000,-0.272175,-0.455299,1.200035,-0.151003,1.514713,0.271133,0.562188,1.698043,1.671887,3.946021,-3.812913,-7.045948,-5.970079,-23.191535,-38.831157
3.370000,-0.273656,-0.440067,1.202828,-0.145185,1.531499,0.287494,0.601354,1.658741,1.599537,3.887641,-4.048677,-7.418923,-5.703172,-23.955687,-35.746226
3.380000,-0.275077,-0.424670,1.205782,-0.138978,1.547880,0.303112,0.639950,1.617044,1.523613,3.832004,-4.291890,-7.760545,-5.422324,-24.678643,-32.562853
3.390000,-0.276434,-0.409111,1.208888,-0.132388,1.563831,0.317955,0.678004,1.572880,1.444433,3.779225,-4.542061,-8.069899,-5.132379,-25.344820,-29.295181
3.400000,-0.277724,-0.393395,1.212139,-0.125419,1.579329,0.331991,0.715544,1.526182,1.362325,3.729371,-4.798545,-8.346214,-4.838184,-25.938632,-25.957357
3.410000,-0.278941,-0.377526,1.215525,-0.118078,1.594347,0.345193,0.752602,1.476875,1.277614,3.682564,-5.061961,-8.589528,-4.547223,-26.408603,-22.546632
3.420000,-0.280084,-0.361510,1.219040,-0.110369,1.608858,0.357536,0.789205,1.424929,1.190649,3.638527,-5.327989,-8.797768,-4.261379,-26.779438,-19.096110
3.430000,-0.281147,-0.345351,1.222673,-0.102296,1.622836,0.369000,0.825382,1.370305,1.101774,3.597304,-5.597182,-8.971372,-3.985172,-27.039945,-15.622007
3.440000,-0.282129,-0.329055,1.226417,-0.093863,1.636255,0.379566,0.861160,1.312978,1.011337,3.558777,-5.868383,-9.110184,-3.723125,-27.178938,-12.140533
3.450000,-0.283024,-0.312627,1.230261,-0.085074,1.649087,0.389222,0.896566,1.252935,0.919686,3.522780,-6.140319,-9.214212,-3.479759,-27.185225,-8.667903
3.460000,-0.283829,-0.296075,1.234198,-0.075933,1.661305,0.397957,0.931629,1.190147,0.827169,3.489627,-6.414058,-9.283540,-3.272809,-26.985724,-5.222493
3.470000,-0.284541,-0.279403,1.238217,-0.066442,1.672882,0.405764,0.966365,1.124663,0.734130,3.457826,-6.682305,-9.318702,-3.091966,-26.638720,-1.818087
3.480000,-0.285157,-0.262620,1.242310,-0.056606,1.683790,0.412639,1.000791,1.056515,0.640908,3.427691,-6.946329,-9.320092,-2.940134,-26.140600,1.529367
3.490000,-0.285672,-0.245730,1.246467,-0.046427,1.694003,0.418583,1.034923,0.985755,0.547838,3.398917,-7.204601,-9.288358,-2.820218,-25.487757,4.803919
3.500000,-0.286084,-0.228742,1.250679,-0.035909,1.703496,0.423598,1.068773,0.912448,0.455248,3.371171,-7.455556,-9.224309,-2.735121,-24.676577,7.989623
3.510000,-0.286389,-0.211663,1.254936,-0.025053,1.712245,0.427690,1.102357,0.836644,0.363468,3.344822,-7.700340,-9.127835,-2.706273,-23.634059,11.043257
3.520000,-0.286584,-0.194500,1.259229,-0.013863,1.720222,0.430870,1.135670,0.758478,0.272792,3.317744,-7.930812,-9.002618,-2.715783,-22.434483,13.979485
3.530000,-0.286665,-0.177261,1.263550,-0.002341,1.727407,0.433150,1.168711,0.678070,0.183512,3.290377,-8.148523,-8.848678,-2.764289,-21.082735,16.785699
3.540000,-0.286630,-0.159954,1.267889,0.009510,1.733777,0.434546,1.201475,0.595555,0.095909,3.262326,-8.351975,-8.667379,-2.852425,-19.583702,19.449289
3.550000,-0.286474,-0.142588,1.272238,0.021688,1.739312,0.435075,1.233954,0.511083,0.010250,3.233194,-8.539722,-8.460210,-2.980829,-17.942271,21.957648
3.560000,-0.286195,-0.125171,1.276588,0.034188,1.743993,0.434758,1.266140,0.424794,-0.073193,3.203169,-8.712615,-8.226807,-3.165172,-16.106444,24.248178
3.570000,-0.285789,-0.107711,1.280931,0.047009,1.747803,0.433619,1.298010,0.336894,-0.154212,3.170430,-8.863972,-7.973596,-3.389212,-14.144959,26.364380
3.580000,-0.285254,-0.090218,1.285258,0.060147,1.750726,0.431682,1.329541,0.247581,-0.232597,3.135256,-8.995135,-7.700122,-3.651744,-12.069667,28.299766
3.590000,-0.284585,-0.072700,1.289562,0.073599,1.752750,0.428976,1.360706,0.157063,-0.308153,3.097270,-9.105025,-7.408225,-3.951561,-9.892422,30.047848
3.600000,-0.283781,-0.055166,1.293835,0.087360,1.753864,0.425529,1.391476,0.065555,-0.380706,3.056105,-9.192683,-7.099811,-4.287458,-7.625076,31.602139
3.610000,-0.282837,-0.037625,1.298070,0.101427,1.754059,0.421372,1.421829,-0.026726,-0.450074,3.012551,-9.258335,-6.774389,-4.687173,-5.252470,32.893983
3.620000,-0.281751,-0.020088,1.302260,0.115795,1.753328,0.416538,1.451713,-0.119531,-0.516154,2.963553,-9.298728,-6.439820,-5.117013,-2.816775,33.986672
3.630000,-0.280520,-0.002562,1.306399,0.130459,1.751668,0.411060,1.481085,-0.212618,-0.578838,2.910126,-9.314511,-6.095315,-5.572228,-0.333152,34.881333
3.640000,-0.279141,0.014943,1.310479,0.145415,1.749076,0.404973,1.509900,-0.305738,-0.638034,2.852040,-9.305281,-5.742849,-6.048069,2.183240,35.579089
3.650000,-0.277611,0.032417,1.314496,0.160655,1.745554,0.398311,1.538110,-0.398640,-0.693675,2.789112,-9.270787,-5.384386,-6.539785,4.717240,36.081066
3.660000,-0.275927,0.049851,1.318444,0.176175,1.741105,0.391111,1.565656,-0.491068,-0.745685,2.720349,-9.210806,-5.019680,-7.020953,7.250587,36.332891
3.670000,-0.274086,0.067236,1.322317,0.191966,1.735735,0.383409,1.592500,-0.582771,-0.794063,2.647695,-9.125678,-4.655873,-7.511151,9.771602,36.397982
3.680000,-0.272087,0.084562,1.326110,0.208023,1.729452,0.375242,1.618594,-0.673498,-0.838803,2.570103,-9.015464,-4.292316,-8.008283,12.265505,36.284259
3.690000,-0.269925,0.101822,1.329820,0.224336,1.722269,0.366645,1.643886,-0.762998,-0.879916,2.487513,-8.880508,-3.930758,-8.510255,14.717517,35.999642
3.700000,-0.267599,0.119005,1.333442,0.240897,1.714197,0.357655,1.668327,-0.851027,-0.917430,2.399888,-8.721303,-3.572867,-9.014970,17.112857,35.552051
3.710000,-0.265106,0.136103,1.336972,0.257699,1.705254,0.348308,1.691871,-0.937330,-0.951375,2.307639,-8.537093,-3.218771,-9.531133,19.401479,34.912471
3.720000,-0.262444,0.153107,1.340407,0.274731,1.695457,0.338639,1.714463,-1.021694,-0.981829,2.209757,-8.331972,-2.873444,-10.044525,21.608187,34.130280
3.730000,-0.259611,0.170009,1.343744,0.291985,1.684827,0.328683,1.736050,-1.103898,-1.008872,2.106769,-8.105237,-2.536599,-10.551729,23.722519,33.217922
3.740000,-0.256604,0.186801,1.346980,0.309449,1.673387,0.318472,1.756581,-1.183730,-1.032594,1.998755,-7.857864,-2.209478,-11.049327,25.734013,32.187841
3.750000,-0.253421,0.203474,1.350113,0.327113,1.661161,0.308041,1.776008,-1.260990,-1.053098,1.885826,-7.590934,-1.893193,-11.533900,27.632207,31.052478
3.760000,-0.250061,0.220021,1.353140,0.344965,1.648176,0.297421,1.794284,-1.335467,-1.070494,1.768329,-7.303713,-1.588419,-12.007025,29.358163,29.816234
3.770000,-0.246521,0.236435,1.356060,0.362994,1.634461,0.286641,1.811359,-1.407009,-1.084909,1.645977,-7.002034,-1.296774,-12.459677,30.955830,28.500580
3.780000,-0.242801,0.252708,1.358872,0.381188,1.620046,0.275732,1.827189,-1.475456,-1.096474,1.519217,-6.685039,-1.018627,-12.887828,32.420685,27.118945
3.790000,-0.238897,0.268834,1.361575,0.399534,1.604962,0.264721,1.841730,-1.540663,-1.105328,1.388315,-6.354079,-0.754571,-13.287447,33.748200,25.684757
3.800000,-0.234809,0.284805,1.364167,0.418018,1.589244,0.253634,1.854942,-1.602496,-1.111614,1.253577,-6.010548,-0.505063,-13.654506,34.933849,24.211444
3.810000,-0.230536,0.300617,1.366647,0.436629,1.572924,0.242497,1.866774,-1.660819,-1.115488,1.113851,-5.654253,-0.271240,-13.947193,35.931765,22.732968
3.820000,-0.226077,0.316262,1.369016,0.455350,1.556039,0.231332,1.877210,-1.715550,-1.117088,0.973066,-5.290553,-0.051369,-14.203886,36.783825,21.239709
3.830000,-0.221429,0.331736,1.371274,0.474168,1.538625,0.220162,1.886227,-1.766604,-1.116565,0.829892,-4.919061,0.153541,-14.425182,37.490568,19.742580
3.840000,-0.216593,0.347033,1.373420,0.493069,1.520719,0.209007,1.893801,-1.813910,-1.114067,0.684679,-4.541225,0.343506,-14.611678,38.052528,18.252497
3.850000,-0.211567,0.362149,1.375454,0.512039,1.502359,0.197887,1.899915,-1.857412,-1.109744,0.537772,-4.158491,0.518651,-14.763970,38.470242,16.780372
3.860000,-0.206352,0.377079,1.377378,0.531063,1.483583,0.186819,1.904555,-1.897055,-1.103758,0.389747,-3.771025,0.677834,-14.888618,38.712059,15.371859
3.870000,-0.200946,0.391819,1.379191,0.550125,1.464431,0.175817,1.907706,-1.932827,-1.096234,0.240378,-3.383277,0.824655,-14.979526,38.814644,13.998879
3.880000,-0.195349,0.406366,1.380894,0.569212,1.444940,0.164899,1.909360,-1.964719,-1.087310,0.090270,-2.995181,0.957952,-15.036560,38.782476,12.668091
3.890000,-0.189562,0.420717,1.382489,0.588308,1.425149,0.154075,1.909510,-1.992734,-1.077119,-0.060239,-2.608062,1.078180,-15.059587,38.620031,11.386155
3.900000,-0.183583,0.434868,1.383976,0.607397,1.405098,0.143360,1.908155,-2.016888,-1.065788,-0.210808,-2.223199,1.185861,-15.048474,38.331790,10.159732
3.910000,-0.177414,0.448818,1.385357,0.626466,1.384824,0.132763,1.905291,-2.037203,-1.053458,-0.361496,-1.841214,1.280072,-14.992939,37.906663,9.033628
3.920000,-0.171054,0.462564,1.386632,0.645498,1.364366,0.122294,1.900927,-2.053728,-1.040223,-0.511009,-1.464755,1.365044,-14.904239,37.366601,7.971686
3.930000,-0.164504,0.476105,1.387803,0.664479,1.343762,0.111962,1.895074,-2.066518,-1.026191,-0.659474,-1.094244,1.439726,-14.783485,36.717986,6.975895
3.940000,-0.157765,0.489439,1.388872,0.683395,1.323048,0.101773,1.887742,-2.075637,-1.011461,-0.806576,-0.730735,1.504789,-14.631785,35.967202,6.048242
3.950000,-0.150836,0.502566,1.389839,0.702229,1.302261,0.091734,1.878948,-2.081159,-0.996125,-0.952011,-0.375219,1.560925,-14.450248,35.120634,5.190718
3.960000,-0.143720,0.515484,1.390707,0.720969,1.281437,0.081852,1.868707,-2.083169,-0.980283,-1.095632,-0.028471,1.607640,-14.236276,34.180878,4.435724
3.970000,-0.136417,0.528194,1.391477,0.739599,1.260609,0.072131,1.857043,-2.081761,-0.963996,-1.236811,0.308292,1.648516,-13.995140,33.158569,3.751112
3.980000,-0.128929,0.540696,1.392150,0.758105,1.239812,0.062574,1.843979,-2.077039,-0.947334,-1.375449,0.634448,1.682891,-13.728404,32.060553,3.135148
3.990000,-0.121256,0.552991,1.392729,0.776474,1.219079,0.053185,1.829543,-2.069110,-0.930358,-1.511299,0.949274,1.711442,-13.437630,30.893678,2.586095
4.000000,-0.113400,0.565078,1.393214,0.794691,1.198441,0.043967,1.813764,-2.058093,-0.913123,-1.644127,1.252115,1.734830,-13.124382,29.664790,2.102220
4.010000,-0.105362,0.576960,1.393608,0.812745,1.177927,0.034924,1.796671,-2.044111,-0.895684,-1.773767,1.542234,1.753001,-12.788951,28.384580,1.699392
4.020000,-0.097146,0.588637,1.393913,0.830621,1.157568,0.026055,1.778300,-2.027292,-0.878075,-1.899899,1.819473,1.768230,-12.434328,27.055581,1.356115
4.030000,-0.088751,0.600112,1.394130,0.848307,1.137390,0.017363,1.758685,-2.007767,-0.860330,-2.022396,2.083204,1.780309,-12.062232,25.684170,1.068499
4.040000,-0.080180,0.611386,1.394261,0.865790,1.117421,0.008848,1.737864,-1.985674,-0.842477,-2.141091,2.333036,1.789773,-11.674384,24.276725,0.832652
4.050000,-0.071436,0.622461,1.394308,0.883060,1.097685,0.000513,1.715876,-1.961154,-0.824541,-2.255837,2.568640,1.797121,-11.272501,22.839622,0.644685
4.060000,-0.062520,0.633340,1.394272,0.900104,1.078206,-0.007642,1.692762,-1.934353,-0.806542,-2.366469,2.789443,1.802638,-10.859080,21.387014,0.505140
4.070000,-0.053434,0.644026,1.394155,0.916912,1.059005,-0.015617,1.668561,-1.905414,-0.788493,-2.472948,2.995973,1.807158,-10.434968,19.916550,0.405149
4.080000,-0.044182,0.654522,1.393960,0.933472,1.040104,-0.023412,1.643317,-1.874483,-0.770402,-2.575139,3.187732,1.810858,-10.001789,18.433653,0.340280
4.090000,-0.034766,0.664829,1.393688,0.949775,1.021522,-0.031025,1.617073,-1.841709,-0.752277,-2.672959,3.364623,1.814066,-9.561169,16.943749,0.306097
4.100000,-0.025188,0.674953,1.393340,0.965810,1.003276,-0.038457,1.589873,-1.807240,-0.734121,-2.766343,3.526602,1.817067,-9.114730,15.452260,0.298167
4.110000,-0.015450,0.684896,1.392919,0.981569,0.985382,-0.045708,1.561762,-1.771230,-0.715933,-2.855149,3.673309,1.820328,-8.666391,13.973993,0.306347
4.120000,-0.005557,0.694662,1.392427,0.997042,0.967856,-0.052776,1.532785,-1.733823,-0.697714,-2.939558,3.805690,1.823509,-8.215202,12.503842,0.332612
4.130000,0.004489,0.704254,1.391864,1.012222,0.950710,-0.059662,1.502986,-1.695165,-0.679462,-3.019448,3.923428,1.827028,-7.762505,11.046084,0.373227
4.140000,0.014686,0.713677,1.391234,1.027099,0.933956,-0.066365,1.472411,-1.655403,-0.661172,-3.094808,4.026667,1.831009,-7.309644,9.604994,0.424458
4.150000,0.025030,0.722935,1.390538,1.041668,0.917605,-0.072885,1.441105,-1.614680,-0.642840,-3.165644,4.115597,1.835540,-6.857962,8.184849,0.482571
4.160000,0.035519,0.732031,1.389777,1.055919,0.901665,-0.079222,1.409114,-1.573142,-0.624454,-3.231859,4.190060,1.841117,-6.411757,6.799740,0.532570
4.170000,0.046148,0.740970,1.388954,1.069848,0.886144,-0.085374,1.376482,-1.530924,-0.606016,-3.293759,4.251248,1.846697,-5.969056,5.442926,0.583361
4.180000,0.056914,0.749755,1.388070,1.083447,0.871049,-0.091342,1.343254,-1.488162,-0.587519,-3.351255,4.299023,1.852779,-5.530839,4.117480,0.632588
4.190000,0.067815,0.758392,1.387128,1.096711,0.856383,-0.097124,1.309472,-1.444987,-0.568959,-3.404394,4.333713,1.859336,-5.098088,2.826476,0.677894
4.200000,0.078847,0.766884,1.386128,1.109635,0.842150,-0.102721,1.275180,-1.401530,-0.550331,-3.453238,4.355677,1.866316,-4.671784,1.572989,0.716924
4.210000,0.090007,0.775237,1.385074,1.122213,0.828353,-0.108131,1.240422,-1.357919,-0.531626,-3.497734,4.364919,1.874132,-4.255956,0.369915,0.735035
4.220000,0.101291,0.783453,1.383966,1.134442,0.814992,-0.113353,1.205239,-1.314271,-0.512848,-3.538248,4.362779,1.881534,-3.848164,-0.790698,0.743662
4.230000,0.112695,0.791538,1.382807,1.146317,0.802067,-0.118388,1.169671,-1.270701,-0.493995,-3.574726,4.349253,1.888971,-3.449016,-1.906979,0.741957
4.240000,0.124216,0.799496,1.381599,1.157834,0.789577,-0.123233,1.133758,-1.227322,-0.475068,-3.607259,4.324793,1.896335,-3.059121,-2.977056,0.729067
4.250000,0.135850,0.807331,1.380343,1.168991,0.777520,-0.127889,1.097539,-1.184240,-0.456069,-3.635941,4.289872,1.903512,-2.679085,-3.999058,0.704142
4.260000,0.147594,0.815047,1.379042,1.179784,0.765891,-0.132354,1.061053,-1.141562,-0.436995,-3.660765,4.244608,1.910768,-2.312313,-4.961763,0.656404
4.270000,0.159445,0.822650,1.377697,1.190211,0.754687,-0.136629,1.024335,-1.099380,-0.417855,-3.682099,4.190388,1.917041,-1.956275,-5.873797,0.596145
4.280000,0.171397,0.830143,1.376310,1.200270,0.743901,-0.140711,0.987422,-1.057784,-0.398656,-3.699927,4.127304,1.922651,-1.611237,-6.734433,0.523728
4.290000,0.183449,0.837529,1.374883,1.209959,0.733529,-0.144602,0.950348,-1.016861,-0.379405,-3.714361,4.055873,1.927477,-1.277463,-7.542944,0.439519
4.300000,0.195595,0.844815,1.373419,1.219276,0.723562,-0.148299,0.913146,-0.976693,-0.360110,-3.725515,3.976621,1.931403,-0.955221,-8.298606,0.343882
4.310000,0.207833,0.852002,1.371918,1.228221,0.713992,-0.151804,0.875849,-0.937357,-0.340778,-3.733414,3.889752,1.934546,-0.647061,-8.992417,0.231393
4.320000,0.220158,0.859096,1.370383,1.236793,0.704812,-0.155115,0.838488,-0.898920,-0.321423,-3.738393,3.796581,1.936256,-0.350684,-9.632939,0.108914
4.330000,0.232568,0.866099,1.368816,1.244991,0.696011,-0.158232,0.801091,-0.861446,-0.302057,-3.740467,3.697270,1.936695,-0.066075,-10.220459,-0.022483
4.340000,0.245057,0.873017,1.367219,1.252815,0.687579,-0.161156,0.763688,-0.824993,-0.282693,-3.739754,3.592347,1.935780,0.206781,-10.755266,-0.161724
4.350000,0.257623,0.879852,1.365594,1.260265,0.679507,-0.163886,0.726305,-0.789616,-0.263346,-3.736371,3.482339,1.933438,0.467897,-11.237645,-0.307735
4.360000,0.270261,0.886608,1.363942,1.267341,0.671783,-0.166423,0.688970,-0.755364,-0.244029,-3.730370,3.367508,1.929663,0.715652,-11.661316,-0.460878
4.370000,0.282968,0.893289,1.362266,1.274044,0.664396,-0.168767,0.651706,-0.722279,-0.224758,-3.722023,3.248990,1.924270,0.951897,-12.033940,-0.618471
4.380000,0.295741,0.899897,1.360568,1.280376,0.657334,-0.170918,0.614537,-0.690396,-0.205549,-3.711370,3.126996,1.917283,1.176846,-12.356607,-0.779263
4.390000,0.308575,0.906437,1.358848,1.286336,0.650584,-0.172878,0.577486,-0.659749,-0.186418,-3.698523,3.002020,1.908678,1.390715,-12.630409,-0.942006
4.400000,0.321466,0.912910,1.357111,1.291926,0.644135,-0.174647,0.540573,-0.630364,-0.167381,-3.683592,2.874547,1.898441,1.593718,-12.856439,-1.105451
4.410000,0.334412,0.919320,1.355356,1.297148,0.637973,-0.176226,0.503821,-0.602266,-0.148455,-3.666646,2.744872,1.886492,1.785099,-13.031366,-1.266361
4.420000,0.347408,0.925670,1.353587,1.302003,0.632085,-0.177616,0.467247,-0.575472,-0.129656,-3.647881,2.613872,1.873030,1.966164,-13.161244,-1.425719
4.430000,0.360451,0.931963,1.351804,1.306493,0.626459,-0.178820,0.430869,-0.549993,-0.111000,-3.627356,2.481792,1.857986,2.137244,-13.247708,-1.582519
4.440000,0.373537,0.938200,1.350011,1.310621,0.621081,-0.179837,0.394705,-0.525838,-0.092502,-3.605168,2.349057,1.841391,2.298674,-13.292390,-1.735756
4.450000,0.386662,0.944385,1.348208,1.314388,0.615938,-0.180670,0.358771,-0.503012,-0.074177,-3.581413,2.216078,1.823286,2.450787,-13.296925,-1.884423
4.460000,0.399823,0.950520,1.346398,1.317797,0.611016,-0.181321,0.323082,-0.481517,-0.056043,-3.556167,2.083161,1.803567,2.593525,-13.260766,-2.023614
4.470000,0.413017,0.956606,1.344582,1.320851,0.606303,-0.181792,0.287652,-0.461347,-0.038110,-3.529554,1.950888,1.782660,2.727661,-13.187993,-2.156702
4.480000,0.426239,0.962647,1.342763,1.323551,0.601785,-0.182084,0.252495,-0.442496,-0.020394,-3.501641,1.819517,1.760455,2.853577,-13.080504,-2.283161
4.490000,0.439487,0.968643,1.340941,1.325901,0.597449,-0.182200,0.217623,-0.424953,-0.002905,-3.472508,1.689387,1.737021,2.971655,-12.940202,-2.402463
4.500000,0.452756,0.974596,1.339119,1.327904,0.593281,-0.182143,0.183049,-0.408703,0.014343,-3.442233,1.560816,1.712431,3.082276,-12.768984,-2.514080
4.510000,0.466043,0.980509,1.337299,1.329563,0.589270,-0.181914,0.148782,-0.393730,0.031338,-3.410888,1.434096,1.686597,3.185860,-12.568562,-2.613215
4.520000,0.479346,0.986382,1.335482,1.330881,0.585403,-0.181517,0.114834,-0.380014,0.048072,-3.378540,1.309527,1.660004,3.282746,-12.341049,-2.704132
4.530000,0.492660,0.992217,1.333669,1.331861,0.581666,-0.180954,0.081215,-0.367532,0.064535,-3.345254,1.187359,1.632542,3.373311,-12.088368,-2.786828
4.540000,0.505982,0.998016,1.331863,1.332507,0.578048,-0.180227,0.047932,-0.356258,0.080720,-3.311093,1.067837,1.604295,3.457931,-11.812441,-2.861297
4.550000,0.519309,1.003779,1.330065,1.332821,0.574537,-0.179340,0.014996,-0.346165,0.096619,-3.276114,0.951182,1.575344,3.536983,-11.515192,-2.927535
4.560000,0.532637,1.009507,1.328277,1.332808,0.571121,-0.178296,-0.017588,-0.337224,0.112223,-3.240384,0.837649,1.545636,3.611170,-11.199834,-2.982109
4.570000,0.545964,1.015201,1.326500,1.332470,0.567789,-0.177097,-0.049810,-0.329402,0.127530,-3.203921,0.727301,1.515575,3.680503,-10.866842,-3.028862
4.580000,0.559286,1.020863,1.324735,1.331813,0.564529,-0.175746,-0.081664,-0.322666,0.142533,-3.166789,0.620365,1.485083,3.745320,-10.517982,-3.068209
4.590000,0.572599,1.026492,1.322985,1.330838,0.561332,-0.174247,-0.113143,-0.316983,0.157230,-3.129029,0.516989,1.454234,3.805956,-10.155018,-3.100564
4.600000,0.585901,1.032090,1.321251,1.329551,0.558186,-0.172603,-0.144242,-0.312314,0.171617,-3.090682,0.417305,1.423094,3.862750,-9.779717,-3.126342
4.610000,0.599189,1.037656,1.319534,1.327955,0.555082,-0.170816,-0.174955,-0.308623,0.185690,-3.051805,0.321518,1.391652,3.916518,-9.396073,-3.144059
4.620000,0.612460,1.043191,1.317835,1.326053,0.552010,-0.168890,-0.205277,-0.305871,0.199449,-3.012384,0.229514,1.360146,3.967059,-9.003348,-3.156262
4.630000,0.625709,1.048696,1.316156,1.323851,0.548962,-0.166828,-0.235202,-0.304019,0.212893,-2.972473,0.141476,1.328543,4.014651,-8.603035,-3.163598
4.640000,0.638936,1.054171,1.314499,1.321351,0.545927,-0.164633,-0.264725,-0.303028,0.226020,-2.932100,0.057473,1.296888,4.059572,-8.196625,-3.166714
4.650000,0.652135,1.059615,1.312864,1.318557,0.542898,-0.162309,-0.293842,-0.302856,0.238831,-2.891290,-0.022441,1.265221,4.102099,-7.785611,-3.166259
4.660000,0.665306,1.065029,1.311253,1.315475,0.539867,-0.159857,-0.322549,-0.303462,0.251325,-2.850088,-0.098124,1.233565,4.143082,-7.374119,-3.162671
4.670000,0.678444,1.070412,1.309668,1.312108,0.536827,-0.157283,-0.350842,-0.304805,0.263502,-2.808460,-0.169799,1.201966,4.182158,-6.960684,-3.156832
4.680000,0.691547,1.075765,1.308108,1.308460,0.533769,-0.154588,-0.378717,-0.306844,0.275364,-2.766450,-0.237335,1.170433,4.219537,-6.546476,-3.149413
4.690000,0.704612,1.081087,1.306576,1.304535,0.530688,-0.151777,-0.406170,-0.309538,0.286911,-2.724074,-0.300730,1.138980,4.255427,-6.132664,-3.141090
4.700000,0.717637,1.086379,1.305073,1.300338,0.527576,-0.148851,-0.433198,-0.312845,0.298144,-2.681346,-0.359994,1.107612,4.290037,-5.720418,-3.132533
4.710000,0.730618,1.091639,1.303599,1.295872,0.524429,-0.145815,-0.459796,-0.316723,0.309064,-2.638302,-0.415043,1.076377,4.324199,-5.313549,-3.125648
4.720000,0.743553,1.096867,1.302157,1.291143,0.521240,-0.142671,-0.485963,-0.321132,0.319672,-2.594893,-0.466159,1.045151,4.357422,-4.910261,-3.119725
4.730000,0.756440,1.102064,1.300746,1.286155,0.518005,-0.139423,-0.511693,-0.326033,0.329967,-2.551156,-0.513263,1.013978,4.389836,-4.511402,-3.115286
4.740000,0.769276,1.107227,1.299369,1.280911,0.514718,-0.136073,-0.536985,-0.331384,0.339951,-2.507099,-0.556404,0.982839,4.421575,-4.117817,-3.112854
4.750000,0.782057,1.112358,1.298025,1.275416,0.511376,-0.132625,-0.561834,-0.337148,0.349624,-2.462726,-0.595640,0.951712,4.452770,-3.730354,-3.112950
4.760000,0.794783,1.117454,1.296717,1.269676,0.507974,-0.129081,-0.586238,-0.343283,0.358986,-2.418069,-0.630938,0.920655,4.484182,-3.352307,-3.118261
4.770000,0.807450,1.122517,1.295444,1.263693,0.504509,-0.125446,-0.610194,-0.349754,0.368037,-2.373072,-0.662602,0.889432,4.515237,-2.981774,-3.126880
4.780000,0.820056,1.127544,1.294208,1.257473,0.500978,-0.121722,-0.633699,-0.356523,0.376775,-2.327766,-0.690600,0.858106,4.545990,-2.619302,-3.139064
4.790000,0.832599,1.132536,1.293010,1.251021,0.497377,-0.117912,-0.656749,-0.363554,0.385199,-2.282153,-0.715016,0.826638,4.576497,-2.265436,-3.155069
4.800000,0.845076,1.137492,1.291850,1.244340,0.493706,-0.114019,-0.679341,-0.370812,0.393307,-2.236236,-0.735939,0.794991,4.606812,-1.920723,-3.175154
4.810000,0.857485,1.142410,1.290730,1.237435,0.489960,-0.110046,-0.701473,-0.378261,0.401099,-2.190040,-0.753379,0.763220,4.637571,-1.587828,-3.202084
4.820000,0.869824,1.147291,1.289649,1.230312,0.486140,-0.105998,-0.723141,-0.385868,0.408570,-2.143511,-0.767635,0.731047,4.668178,-1.264920,-3.233301
4.830000,0.882090,1.152133,1.288610,1.222974,0.482243,-0.101876,-0.744342,-0.393603,0.415719,-2.096677,-0.778712,0.698540,4.698617,-0.952285,-3.268753
4.840000,0.894283,1.156935,1.287612,1.215427,0.478268,-0.097685,-0.765073,-0.401432,0.422540,-2.049540,-0.786716,0.665658,4.728871,-0.650212,-3.308390
4.850000,0.906398,1.161698,1.286657,1.207674,0.474214,-0.093426,-0.785332,-0.409327,0.429030,-2.002100,-0.791752,0.632359,4.758923,-0.358987,-3.352161
4.860000,0.918435,1.166419,1.285744,1.199722,0.470081,-0.089105,-0.805114,-0.417257,0.435187,-1.954380,-0.793864,0.598693,4.789210,-0.080638,-3.402329
4.870000,0.930392,1.171099,1.284875,1.191574,0.465869,-0.084724,-0.824418,-0.425195,0.441003,-1.906337,-0.793325,0.564403,4.819208,0.186502,-3.456248
4.880000,0.942266,1.175736,1.284050,1.183235,0.461577,-0.080286,-0.843240,-0.433115,0.446473,-1.857997,-0.790171,0.529556,4.848846,0.442358,-3.513584
4.890000,0.954056,1.180330,1.283269,1.174710,0.457206,-0.075796,-0.861577,-0.440990,0.451592,-1.809362,-0.784516,0.494121,4.878055,0.686857,-3.574005
4.900000,0.965760,1.184880,1.282534,1.166005,0.452757,-0.071256,-0.879426,-0.448797,0.456353,-1.760437,-0.776472,0.458067,4.906761,0.919924,-3.637176
4.910000,0.977376,1.189385,1.281844,1.157123,0.448231,-0.066670,-0.896785,-0.456512,0.460752,-1.711238,-0.766102,0.421436,4.935128,1.140136,-3.704463
4.920000,0.988902,1.193845,1.281201,1.148071,0.443628,-0.062042,-0.913650,-0.464112,0.464780,-1.661747,-0.753647,0.384047,4.962821,1.348934,-3.773627
4.930000,1.000336,1.198258,1.280603,1.138852,0.438949,-0.057375,-0.930019,-0.471578,0.468430,-1.611984,-0.739161,0.345959,4.989743,1.546409,-3.844125
4.940000,1.011678,1.202623,1.280053,1.129472,0.434197,-0.052674,-0.945889,-0.478889,0.471696,-1.561955,-0.722756,0.307162,5.015792,1.732653,-3.915416
4.950000,1.022925,1.206941,1.279550,1.119936,0.429372,-0.047943,-0.961257,-0.486027,0.474571,-1.511671,-0.704545,0.267650,5.040870,1.907756,-3.986959
4.960000,1.034076,1.211211,1.279094,1.110249,0.424477,-0.043184,-0.976122,-0.492974,0.477047,-1.461140,-0.684600,0.227457,5.064827,2.070846,-4.059049
4.970000,1.045130,1.215431,1.278686,1.100415,0.419513,-0.038403,-0.990479,-0.499714,0.479118,-1.410376,-0.663121,0.186510,5.087619,2.223097,-4.130206
4.980000,1.056084,1.219601,1.278326,1.090441,0.414483,-0.033603,-1.004328,-0.506231,0.480775,-1.359392,-0.640173,0.144858,5.109152,2.364717,-4.199785
4.990000,1.066938,1.223720,1.278014,1.080330,0.409389,-0.028789,-1.017666,-0.512513,0.482013,-1.308198,-0.615862,0.102521,5.129332,2.495916,-4.267144
5.000000,1.077690,1.227788,1.277751,1.070089,0.404234,-0.023965,-1.030492,-0.518544,0.482823,-1.256810,-0.590289,0.059525,5.148065,2.616903,-4.331637
5.010000,1.088340,1.231805,1.277535,1.059722,0.399019,-0.019134,-1.042802,-0.524314,0.483201,-1.205228,-0.563533,0.015896,5.164918,2.727289,-4.392515
5.020000,1.098885,1.235768,1.277368,1.049235,0.393748,-0.014302,-1.054596,-0.529812,0.483139,-1.153501,-0.535749,-0.028316,5.180178,2.827955,-4.449253
5.030000,1.109324,1.239679,1.277249,1.038632,0.388424,-0.009473,-1.065871,-0.535026,0.482633,-1.101630,-0.507006,-0.073073,5.193793,2.919183,-4.501221
5.040000,1.119657,1.243537,1.277178,1.027919,0.383049,-0.004651,-1.076628,-0.539949,0.481676,-1.049631,-0.477396,-0.118323,5.205713,3.001255,-4.547789
5.050000,1.129882,1.247340,1.277156,1.017101,0.377626,0.000159,-1.086864,-0.544571,0.480265,-0.997522,-0.447010,-0.164009,5.215886,3.074454,-4.588326
5.060000,1.139998,1.251089,1.277182,1.006184,0.372158,0.004953,-1.096578,-0.548887,0.478394,-0.945297,-0.415925,-0.210106,5.223696,3.138798,-4.621211
5.070000,1.150005,1.254783,1.277255,0.995171,0.366649,0.009726,-1.105769,-0.552888,0.476062,-0.893029,-0.384250,-0.256453,5.229723,3.194866,-4.646926
5.080000,1.159902,1.258422,1.277376,0.984070,0.361102,0.014473,-1.114438,-0.556570,0.473265,-0.840709,-0.352054,-0.303019,5.233985,3.242973,-4.664960
5.090000,1.169686,1.262005,1.277544,0.972884,0.355519,0.019189,-1.122584,-0.559928,0.470001,-0.788355,-0.319416,-0.349725,5.236497,3.283433,-4.674804
5.100000,1.179359,1.265532,1.277760,0.961620,0.349904,0.023871,-1.130205,-0.562957,0.466270,-0.735985,-0.286410,-0.396486,5.237277,3.316562,-4.675949
5.110000,1.188919,1.269003,1.278022,0.950282,0.344261,0.028513,-1.137303,-0.565655,0.462071,-0.683590,-0.253109,-0.443281,5.235710,3.342693,-4.666190
5.120000,1.198364,1.272417,1.278330,0.938876,0.338592,0.033111,-1.143877,-0.568018,0.457405,-0.631248,-0.219579,-0.489854,5.232522,3.362120,-4.646920
5.130000,1.207696,1.275775,1.278684,0.927406,0.332902,0.037660,-1.149928,-0.570046,0.452274,-0.578945,-0.185888,-0.536186,5.227807,3.375155,-4.617837
5.140000,1.216912,1.279075,1.279083,0.915879,0.327192,0.042155,-1.155456,-0.571736,0.446682,-0.526696,-0.152097,-0.582177,5.221659,3.382112,-4.578641
5.150000,1.226013,1.282319,1.279527,0.904299,0.321468,0.046592,-1.160462,-0.573088,0.440632,-0.474516,-0.118265,-0.627724,5.214172,3.383302,-4.529028
5.160000,1.234998,1.285505,1.280014,0.892671,0.315732,0.050966,-1.164947,-0.574101,0.434129,-0.422397,-0.084458,-0.672807,5.204947,3.379277,-4.466553
5.170000,1.243867,1.288633,1.280546,0.881002,0.309987,0.055273,-1.168910,-0.574777,0.427178,-0.370399,-0.050707,-0.717115,5.194633,3.370082,-4.393321
5.180000,1.252618,1.291704,1.281120,0.869295,0.304237,0.059508,-1.172355,-0.575116,0.419789,-0.318508,-0.017073,-0.760637,5.183382,3.356000,-4.309293
5.190000,1.261252,1.294718,1.281736,0.857556,0.298486,0.063667,-1.175281,-0.575119,0.411969,-0.266734,0.016398,-0.803265,5.171351,3.337314,-4.214430
5.200000,1.269769,1.297674,1.282393,0.845791,0.292736,0.067746,-1.177690,-0.574788,0.403727,-0.215083,0.049659,-0.844890,5.158693,3.314307,-4.108693
5.210000,1.278168,1.300573,1.283090,0.834004,0.286991,0.071741,-1.179583,-0.574127,0.395074,-0.163556,0.082655,-0.885493,5.145426,3.287654,-3.989753
5.220000,1.286449,1.303414,1.283827,0.822201,0.281255,0.075646,-1.180962,-0.573136,0.386021,-0.112169,0.115382,-0.924751,5.131857,3.257198,-3.860141
5.230000,1.294612,1.306198,1.284603,0.810387,0.275530,0.079460,-1.181827,-0.571820,0.376583,-0.060919,0.147787,-0.962661,5.118159,3.223177,-3.720099
5.240000,1.302657,1.308925,1.285416,0.798566,0.269819,0.083177,-1.182180,-0.570182,0.366773,-0.009806,0.179834,-0.999119,5.104503,3.185824,-3.569867
5.250000,1.310583,1.311594,1.286266,0.786745,0.264127,0.086794,-1.182023,-0.568225,0.356606,0.041172,0.211493,-1.034025,5.091059,3.145375,-3.409686
5.260000,1.318392,1.314207,1.287152,0.774928,0.258456,0.090308,-1.181358,-0.565954,0.346097,0.092001,0.242713,-1.067364,5.078395,3.102549,-3.237687
5.270000,1.326082,1.316763,1.288072,0.763119,0.252809,0.093715,-1.180184,-0.563372,0.335265,0.142723,0.273513,-1.098843,5.066238,3.057038,-3.056481
5.280000,1.333654,1.319263,1.289026,0.751326,0.247189,0.097012,-1.178503,-0.560485,0.324126,0.193328,0.303846,-1.128465,5.054710,3.009020,-2.866567
5.290000,1.341109,1.321707,1.290012,0.739551,0.241600,0.100196,-1.176318,-0.557297,0.312702,0.243820,0.333686,-1.156147,5.043935,2.958669,-2.668445
5.300000,1.348445,1.324096,1.291029,0.727801,0.236045,0.103265,-1.173627,-0.553813,0.301010,0.294209,0.363012,-1.181808,5.034034,2.906163,-2.462616
5.310000,1.355665,1.326428,1.292077,0.716080,0.230525,0.106216,-1.170434,-0.550039,0.289072,0.344464,0.391782,-1.205440,5.026135,2.852199,-2.247945
5.320000,1.362767,1.328706,1.293153,0.704394,0.225045,0.109046,-1.166738,-0.545979,0.276909,0.394690,0.420026,-1.226818,5.019234,2.796368,-2.026766
5.330000,1.369753,1.330929,1.294257,0.692747,0.219606,0.111753,-1.162541,-0.541640,0.264543,0.444852,0.447704,-1.245956,5.013330,2.738781,-1.799779
5.340000,1.376622,1.333098,1.295388,0.681145,0.214213,0.114336,-1.157842,-0.537027,0.251997,0.494960,0.474797,-1.262797,5.008423,2.679553,-1.567683
5.350000,1.383376,1.335214,1.296543,0.669592,0.208867,0.116793,-1.152642,-0.532146,0.239295,0.545024,0.501289,-1.277295,5.004513,2.618794,-1.331179
5.360000,1.390014,1.337276,1.297723,0.658094,0.203571,0.119122,-1.146942,-0.527003,0.226459,0.594992,0.527147,-1.289444,5.003160,2.557135,-1.090048
5.370000,1.396538,1.339285,1.298925,0.646655,0.198328,0.121322,-1.140742,-0.521605,0.213514,0.645020,0.552405,-1.299127,5.002612,2.494107,-0.846021
5.380000,1.402947,1.341243,1.300149,0.635280,0.193140,0.123392,-1.134041,-0.515957,0.200485,0.695047,0.577025,-1.306358,5.002679,2.429759,-0.599909
5.390000,1.409244,1.343148,1.301393,0.623976,0.188009,0.125331,-1.126841,-0.510067,0.187395,0.745075,0.600995,-1.311121,5.003168,2.364141,-0.352526
5.400000,1.415427,1.345003,1.302655,0.612745,0.182939,0.127139,-1.119140,-0.503940,0.174270,0.795111,0.624304,-1.313407,5.003890,2.297302,-0.104682
5.410000,1.421499,1.346807,1.303935,0.601594,0.177931,0.128816,-1.110939,-0.497583,0.161135,0.845077,0.646918,-1.313218,5.006584,2.229773,0.142879
5.420000,1.427459,1.348562,1.305231,0.590528,0.172988,0.130362,-1.102238,-0.491004,0.148014,0.895155,0.668874,-1.310556,5.008891,2.161062,0.389267
5.430000,1.433310,1.350267,1.306542,0.579551,0.168112,0.131777,-1.093036,-0.484208,0.134932,0.945252,0.690136,-1.305440,5.010384,2.091159,0.633661
5.440000,1.439051,1.351924,1.307866,0.568669,0.163305,0.133061,-1.083333,-0.477203,0.121914,0.995358,0.710693,-1.297892,5.010634,2.020053,0.875240
5.450000,1.444683,1.353534,1.309203,0.557886,0.158568,0.134215,-1.073129,-0.469997,0.108982,1.045459,0.730533,-1.287947,5.009214,1.947734,1.113184
5.460000,1.450209,1.355096,1.310550,0.547208,0.153905,0.135241,-1.062425,-0.462595,0.096163,1.095456,0.749627,-1.275613,5.007714,1.874617,1.345896
5.470000,1.455628,1.356612,1.311907,0.536640,0.149317,0.136139,-1.051220,-0.455006,0.083478,1.145514,0.768002,-1.261012,5.003441,1.800215,1.573427
5.480000,1.460942,1.358083,1.313273,0.526185,0.144806,0.136911,-1.039515,-0.447238,0.070950,1.195513,0.785626,-1.244164,4.995720,1.724466,1.795050
5.490000,1.466152,1.359508,1.314645,0.515851,0.140373,0.137559,-1.027310,-0.439296,0.058602,1.245415,0.802487,-1.225133,4.983877,1.647308,2.010040
5.500000,1.471259,1.360890,1.316023,0.505641,0.136020,0.138084,-1.014607,-0.431191,0.046454,1.295175,0.818568,-1.203988,4.967237,1.568680,2.217671
5.510000,1.476265,1.362229,1.317406,0.495560,0.131750,0.138488,-1.001408,-0.422928,0.034529,1.344670,0.833842,-1.180748,4.946913,1.488859,2.415740
5.520000,1.481171,1.363526,1.318793,0.485614,0.127562,0.138775,-0.987714,-0.414516,0.022846,1.394012,0.848324,-1.155636,4.920222,1.407403,2.605180
5.530000,1.485978,1.364781,1.320181,0.475808,0.123460,0.138946,-0.973529,-0.405964,0.011423,1.443051,0.861984,-1.128675,4.886272,1.324206,2.785447
5.540000,1.490688,1.365995,1.321571,0.466145,0.119444,0.139005,-0.958855,-0.397280,0.000278,1.491710,0.874802,-1.099959,4.844167,1.239165,2.955994
5.550000,1.495301,1.367170,1.322961,0.456632,0.115515,0.138953,-0.943696,-0.388471,-0.010571,1.539904,0.886761,-1.069589,4.793015,1.152178,3.116278
5.560000,1.499821,1.368306,1.324350,0.447273,0.111674,0.138794,-0.928059,-0.379548,-0.021108,1.587490,0.897788,-1.037600,4.733122,1.064422,3.263985
5.570000,1.504247,1.369404,1.325737,0.438073,0.107924,0.138532,-0.911949,-0.370518,-0.031318,1.634476,0.907984,-1.004268,4.662247,0.974354,3.400555
5.580000,1.508583,1.370464,1.327120,0.429036,0.104264,0.138169,-0.895372,-0.361391,-0.041189,1.680694,0.917267,-0.969627,4.579348,0.881714,3.525661
5.590000,1.512829,1.371489,1.328500,0.420167,0.100697,0.137709,-0.878338,-0.352176,-0.050707,1.726019,0.925609,-0.933794,4.483384,0.786241,3.638975
5.600000,1.516987,1.372479,1.329874,0.411471,0.097221,0.137156,-0.860855,-0.342882,-0.059861,1.770315,0.932981,-0.896888,4.373314,0.687674,3.740168
5.610000,1.521059,1.373434,1.331243,0.402951,0.093839,0.136513,-0.842936,-0.333518,-0.068640,1.813399,0.939540,-0.858923,4.249024,0.580982,3.826155
5.620000,1.525046,1.374356,1.332604,0.394613,0.090551,0.135784,-0.824591,-0.324095,-0.077037,1.855200,0.944804,-0.820283,4.108432,0.471259,3.899703
5.630000,1.528952,1.375245,1.333958,0.386461,0.087357,0.134974,-0.805837,-0.314625,-0.085043,1.895509,0.948956,-0.780970,3.950385,0.358827,3.960821
5.640000,1.532776,1.376103,1.335303,0.378498,0.084259,0.134085,-0.786687,-0.305120,-0.092654,1.934146,0.951972,-0.741108,3.773727,0.244011,4.009519
5.650000,1.536522,1.376931,1.336639,0.370728,0.081255,0.133122,-0.767160,-0.295590,-0.099864,1.970918,0.953830,-0.700821,3.577305,0.127133,4.045808
5.660000,1.540191,1.377729,1.337965,0.363156,0.078347,0.132089,-0.747275,-0.286050,-0.106669,2.005647,0.954194,-0.660213,3.359338,0.016476,4.069193
5.670000,1.543786,1.378498,1.339281,0.355784,0.075534,0.130990,-0.727055,-0.276510,-0.113068,2.038059,0.953796,-0.619456,3.119374,-0.096570,4.080249
5.680000,1.547308,1.379240,1.340585,0.348616,0.072817,0.129829,-0.706522,-0.266978,-0.119058,2.067957,0.952252,-0.578649,2.856335,-0.212658,4.079046
5.690000,1.550759,1.379955,1.341877,0.341654,0.070194,0.128610,-0.685705,-0.257468,-0.124641,2.095105,0.949530,-0.537915,2.569145,-0.332439,4.065656
5.700000,1.554142,1.380644,1.343157,0.334903,0.067667,0.127337,-0.664630,-0.247992,-0.129817,2.119256,0.945589,-0.497376,2.256724,-0.456563,4.040150
5.710000,1.557458,1.381308,1.344424,0.328363,0.065234,0.126015,-0.643330,-0.238558,-0.134589,2.140155,0.940608,-0.457070,1.917919,-0.591386,4.000512
5.720000,1.560710,1.381949,1.345677,0.322037,0.062896,0.124647,-0.621839,-0.229184,-0.138960,2.157527,0.934000,-0.417312,1.551737,-0.731158,3.949155
5.730000,1.563899,1.382567,1.346917,0.315926,0.060651,0.123237,-0.600192,-0.219883,-0.142937,2.171095,0.925969,-0.378125,1.157111,-0.875832,3.886406
5.740000,1.567029,1.383162,1.348142,0.310033,0.058498,0.121790,-0.578431,-0.210670,-0.146525,2.180570,0.916467,-0.339621,0.732972,-1.025361,3.812593
5.750000,1.570101,1.383737,1.349352,0.304358,0.056437,0.120308,-0.556596,-0.201559,-0.149732,2.185652,0.905445,-0.301909,0.278251,-1.179699,3.728041
5.760000,1.573117,1.384291,1.350548,0.298901,0.054466,0.118796,-0.534733,-0.192563,-0.152566,2.186014,0.893182,-0.265035,-0.207710,-1.347018,3.631571
5.770000,1.576079,1.384826,1.351728,0.293663,0.052585,0.117258,-0.512892,-0.183701,-0.155036,2.181371,0.878860,-0.229243,-0.726440,-1.518046,3.525200
5.780000,1.578991,1.385343,1.352893,0.288643,0.050792,0.115697,-0.491124,-0.174991,-0.157154,2.171372,0.862813,-0.194562,-1.279057,-1.691728,3.409440
5.790000,1.581853,1.385843,1.354042,0.283840,0.049085,0.114116,-0.469484,-0.166450,-0.158931,2.155673,0.845020,-0.161084,-1.866680,-1.867012,3.284802
5.800000,1.584668,1.386325,1.355175,0.279253,0.047462,0.112519,-0.448031,-0.158097,-0.160380,2.133918,0.825470,-0.128894,-2.490426,-2.042844,3.151798
5.810000,1.587439,1.386792,1.356292,0.274879,0.045922,0.110909,-0.426828,-0.149946,-0.161514,2.105668,0.804270,-0.098118,-3.149600,-2.220847,3.012048
5.820000,1.590167,1.387244,1.357393,0.270715,0.044462,0.109290,-0.405940,-0.142017,-0.162347,2.070716,0.781179,-0.068728,-3.847358,-2.396963,2.864819
5.830000,1.592854,1.387682,1.358478,0.266759,0.043081,0.107663,-0.385437,-0.134328,-0.162894,2.028588,0.756342,-0.040845,-4.585040,-2.569811,2.710485
5.840000,1.595502,1.388106,1.359547,0.263005,0.041775,0.106033,-0.365393,-0.126896,-0.163169,1.978878,0.729799,-0.014540,-5.363987,-2.738011,2.549423
5.850000,1.598114,1.388517,1.360599,0.259449,0.040542,0.104401,-0.345886,-0.119738,-0.163190,1.921166,0.701602,0.010122,-6.185540,-2.900181,2.382008
5.860000,1.600692,1.388917,1.361635,0.256085,0.039379,0.102770,-0.326998,-0.112869,-0.162973,1.855021,0.671820,0.033080,-7.051040,-3.054940,2.208615
5.870000,1.603237,1.389305,1.362654,0.252907,0.038284,0.101142,-0.308815,-0.106306,-0.162534,1.779995,0.640533,0.054276,-7.961828,-3.200907,2.029621
5.880000,1.605751,1.389683,1.363658,0.249906,0.037252,0.099520,-0.291429,-0.100063,-0.161893,1.695629,0.607835,0.073655,-8.919245,-3.336701,1.845400
5.890000,1.608236,1.390050,1.364645,0.247075,0.036281,0.097905,-0.274936,-0.094154,-0.161067,1.601450,0.573837,0.091167,-9.924631,-3.460941,1.656328
5.900000,1.610693,1.390409,1.365616,0.244404,0.035368,0.096299,-0.259435,-0.088590,-0.160076,1.496972,0.538660,0.106767,-10.979327,-3.572245,1.462781
5.910000,1.613124,1.390758,1.366571,0.241883,0.034508,0.094704,-0.245032,-0.083384,-0.158939,1.381694,0.502440,0.120409,-12.084674,-3.669233,1.265134
5.920000,1.615531,1.391099,1.367510,0.239500,0.033699,0.093121,-0.231839,-0.078545,-0.157675,1.255105,0.465327,0.132057,-13.242014,-3.750523,1.063763
5.930000,1.617914,1.391432,1.368433,0.237242,0.032936,0.091551,-0.219970,-0.074080,-0.156304,1.116676,0.427486,0.141674,-14.452686,-3.814735,0.859043
5.940000,1.620276,1.391758,1.369341,0.235095,0.032216,0.089995,-0.209546,-0.069997,-0.154848,0.965869,0.389094,0.149228,-15.718031,-3.860487,0.651350
5.950000,1.622617,1.392076,1.370233,0.233046,0.031535,0.088454,-0.200695,-0.066299,-0.153327,0.802129,0.350343,0.154692,-17.039392,-3.886398,0.441059
5.960000,1.624937,1.392389,1.371110,0.231076,0.030889,0.086928,-0.193549,-0.062990,-0.151761,0.624890,0.311437,0.158042,-18.418107,-3.891087,0.228545
5.970000,1.627238,1.392694,1.371972,0.229168,0.030274,0.085419,-0.188244,-0.060070,-0.150173,0.433571,0.272596,0.159257,-19.855519,-3.873173,0.014185
5.980000,1.629521,1.392994,1.372818,0.227304,0.029686,0.083925,-0.184926,-0.057537,-0.148583,0.227579,0.234053,0.158320,-21.352968,-3.831275,-0.201646
5.990000,1.631785,1.393288,1.373650,0.225463,0.029122,0.082447,-0.183744,-0.055387,-0.147014,0.006307,0.196055,0.155220,-22.911794,-3.764012,-0.418573
6.000000,1.634030,1.393577,1.374467,0.223622,0.028577,0.080985,-0.184853,-0.053614,-0.145486,-0.230866,0.158862,0.149947,-24.533339,-3.670002,-0.636221
